<?xml version="1.0" encoding="UTF-8"?>
<kml xmlns="http://www.opengis.net/kml/2.2" xmlns:gx="http://www.google.com/kml/ext/2.2" xmlns:kml="http://www.opengis.net/kml/2.2" xmlns:atom="http://www.w3.org/2005/Atom">
<Document>
	<name>JRC2SR26 Leg1.kml</name>
	<Style id="line-1267FF-5000-nodesc-highlight01">
		<BalloonStyle>
			<text><![CDATA[<h3>$[name]</h3>]]></text>
		</BalloonStyle>
		<LineStyle>
			<color>ff0000ff</color>
			<width>3</width>
		</LineStyle>
	</Style>
	<Style id="line-1267FF-5000-nodesc-highlight12">
		<BalloonStyle>
			<text><![CDATA[<h3>$[name]</h3>]]></text>
		</BalloonStyle>
		<LineStyle>
			<color>ffff0000</color>
			<width>3</width>
		</LineStyle>
	</Style>
	<Style id="line-1267FF-5000-nodesc-highlight15">
		<BalloonStyle>
			<text><![CDATA[<h3>$[name]</h3>]]></text>
		</BalloonStyle>
		<LineStyle>
			<color>ff00ff00</color>
			<width>3</width>
		</LineStyle>
	</Style>
	<Style id="line-1267FF-5000-nodesc-highlight150">
		<BalloonStyle>
			<text><![CDATA[<h3>$[name]</h3>]]></text>
		</BalloonStyle>
		<LineStyle>
			<color>ff00ff00</color>
			<width>3</width>
		</LineStyle>
	</Style>
	<Style id="line-1267FF-5000-nodesc-highlight22">
		<BalloonStyle>
			<text><![CDATA[<h3>$[name]</h3>]]></text>
		</BalloonStyle>
		<LineStyle>
			<color>ffff0000</color>
			<width>3</width>
		</LineStyle>
	</Style>
	<Style id="line-1267FF-5000-nodesc-highlight31">
		<BalloonStyle>
			<text><![CDATA[<h3>$[name]</h3>]]></text>
		</BalloonStyle>
		<LineStyle>
			<color>ff0000ff</color>
			<width>3</width>
		</LineStyle>
	</Style>
	<Style id="line-1267FF-5000-nodesc-highlight40">
		<BalloonStyle>
			<text><![CDATA[<h3>$[name]</h3>]]></text>
		</BalloonStyle>
		<LineStyle>
			<color>ffff0000</color>
			<width>3</width>
		</LineStyle>
	</Style>
	<Style id="line-1267FF-5000-nodesc-highlight50">
		<BalloonStyle>
			<text><![CDATA[<h3>$[name]</h3>]]></text>
		</BalloonStyle>
		<LineStyle>
			<color>ff0000ff</color>
			<width>3</width>
		</LineStyle>
	</Style>
	<Style id="line-1267FF-5000-nodesc-highlight60">
		<BalloonStyle>
			<text><![CDATA[<h3>$[name]</h3>]]></text>
		</BalloonStyle>
		<LineStyle>
			<color>ffff0000</color>
			<width>3</width>
		</LineStyle>
	</Style>
	<Style id="line-1267FF-5000-nodesc-highlight8">
		<BalloonStyle>
			<text><![CDATA[<h3>$[name]</h3>]]></text>
		</BalloonStyle>
		<LineStyle>
			<color>ffff0000</color>
			<width>3</width>
		</LineStyle>
	</Style>
	<Style id="line-1267FF-5000-nodesc-highlight9">
		<BalloonStyle>
			<text><![CDATA[<h3>$[name]</h3>]]></text>
		</BalloonStyle>
		<LineStyle>
			<color>ff00ff00</color>
			<width>3</width>
		</LineStyle>
	</Style>
	<Style id="line-1267FF-5000-nodesc-normal00">
		<BalloonStyle>
			<text><![CDATA[<h3>$[name]</h3>]]></text>
		</BalloonStyle>
		<LineStyle>
			<color>ff0000ff</color>
			<width>3</width>
		</LineStyle>
	</Style>
	<Style id="line-1267FF-5000-nodesc-normal001">
		<BalloonStyle>
			<text><![CDATA[<h3>$[name]</h3>]]></text>
		</BalloonStyle>
		<LineStyle>
			<color>ffff0000</color>
			<width>3</width>
		</LineStyle>
	</Style>
	<Style id="line-1267FF-5000-nodesc-normal11">
		<BalloonStyle>
			<text><![CDATA[<h3>$[name]</h3>]]></text>
		</BalloonStyle>
		<LineStyle>
			<color>ff00ff00</color>
			<width>3</width>
		</LineStyle>
	</Style>
	<Style id="line-1267FF-5000-nodesc-normal1">
		<BalloonStyle>
			<text><![CDATA[<h3>$[name]</h3>]]></text>
		</BalloonStyle>
		<LineStyle>
			<color>ff00ff00</color>
			<width>3</width>
		</LineStyle>
	</Style>
	<Style id="line-1267FF-5000-nodesc-normal10">
		<BalloonStyle>
			<text><![CDATA[<h3>$[name]</h3>]]></text>
		</BalloonStyle>
		<LineStyle>
			<color>ffff0000</color>
			<width>3</width>
		</LineStyle>
	</Style>
	<Style id="line-1267FF-5000-nodesc-normal17">
		<BalloonStyle>
			<text><![CDATA[<h3>$[name]</h3>]]></text>
		</BalloonStyle>
		<LineStyle>
			<color>ff00ff00</color>
			<width>3</width>
		</LineStyle>
	</Style>
	<Style id="line-1267FF-5000-nodesc-normal2">
		<BalloonStyle>
			<text><![CDATA[<h3>$[name]</h3>]]></text>
		</BalloonStyle>
		<LineStyle>
			<color>ff0000ff</color>
			<width>3</width>
		</LineStyle>
	</Style>
	<Style id="line-1267FF-5000-nodesc-normal3">
		<BalloonStyle>
			<text><![CDATA[<h3>$[name]</h3>]]></text>
		</BalloonStyle>
		<LineStyle>
			<color>ffff0000</color>
			<width>3</width>
		</LineStyle>
	</Style>
	<Style id="line-1267FF-5000-nodesc-normal40">
		<BalloonStyle>
			<text><![CDATA[<h3>$[name]</h3>]]></text>
		</BalloonStyle>
		<LineStyle>
			<color>ff0000ff</color>
			<width>3</width>
		</LineStyle>
	</Style>
	<Style id="line-1267FF-5000-nodesc-normal5">
		<BalloonStyle>
			<text><![CDATA[<h3>$[name]</h3>]]></text>
		</BalloonStyle>
		<LineStyle>
			<color>ffff0000</color>
			<width>3</width>
		</LineStyle>
	</Style>
	<Style id="line-1267FF-5000-nodesc-normal52">
		<BalloonStyle>
			<text><![CDATA[<h3>$[name]</h3>]]></text>
		</BalloonStyle>
		<LineStyle>
			<color>ffff0000</color>
			<width>3</width>
		</LineStyle>
	</Style>
	<StyleMap id="line-1267FF-5000-nodesc01">
		<Pair>
			<key>normal</key>
			<styleUrl>#line-1267FF-5000-nodesc-normal001</styleUrl>
		</Pair>
		<Pair>
			<key>highlight</key>
			<styleUrl>#line-1267FF-5000-nodesc-highlight12</styleUrl>
		</Pair>
	</StyleMap>
	<StyleMap id="line-1267FF-5000-nodesc13">
		<Pair>
			<key>normal</key>
			<styleUrl>#line-1267FF-5000-nodesc-normal52</styleUrl>
		</Pair>
		<Pair>
			<key>highlight</key>
			<styleUrl>#line-1267FF-5000-nodesc-highlight60</styleUrl>
		</Pair>
	</StyleMap>
	<StyleMap id="line-1267FF-5000-nodesc2">
		<Pair>
			<key>normal</key>
			<styleUrl>#line-1267FF-5000-nodesc-normal00</styleUrl>
		</Pair>
		<Pair>
			<key>highlight</key>
			<styleUrl>#line-1267FF-5000-nodesc-highlight01</styleUrl>
		</Pair>
	</StyleMap>
	<StyleMap id="line-1267FF-5000-nodesc3">
		<Pair>
			<key>normal</key>
			<styleUrl>#line-1267FF-5000-nodesc-normal3</styleUrl>
		</Pair>
		<Pair>
			<key>highlight</key>
			<styleUrl>#line-1267FF-5000-nodesc-highlight22</styleUrl>
		</Pair>
	</StyleMap>
	<StyleMap id="line-1267FF-5000-nodesc40">
		<Pair>
			<key>normal</key>
			<styleUrl>#line-1267FF-5000-nodesc-normal5</styleUrl>
		</Pair>
		<Pair>
			<key>highlight</key>
			<styleUrl>#line-1267FF-5000-nodesc-highlight40</styleUrl>
		</Pair>
	</StyleMap>
	<StyleMap id="line-1267FF-5000-nodesc5">
		<Pair>
			<key>normal</key>
			<styleUrl>#line-1267FF-5000-nodesc-normal10</styleUrl>
		</Pair>
		<Pair>
			<key>highlight</key>
			<styleUrl>#line-1267FF-5000-nodesc-highlight8</styleUrl>
		</Pair>
	</StyleMap>
	<StyleMap id="line-1267FF-5000-nodesc60">
		<Pair>
			<key>normal</key>
			<styleUrl>#line-1267FF-5000-nodesc-normal40</styleUrl>
		</Pair>
		<Pair>
			<key>highlight</key>
			<styleUrl>#line-1267FF-5000-nodesc-highlight50</styleUrl>
		</Pair>
	</StyleMap>
	<StyleMap id="line-1267FF-5000-nodesc7">
		<Pair>
			<key>normal</key>
			<styleUrl>#line-1267FF-5000-nodesc-normal2</styleUrl>
		</Pair>
		<Pair>
			<key>highlight</key>
			<styleUrl>#line-1267FF-5000-nodesc-highlight31</styleUrl>
		</Pair>
	</StyleMap>
	<StyleMap id="line-1267FF-5000-nodesc80">
		<Pair>
			<key>normal</key>
			<styleUrl>#line-1267FF-5000-nodesc-normal1</styleUrl>
		</Pair>
		<Pair>
			<key>highlight</key>
			<styleUrl>#line-1267FF-5000-nodesc-highlight150</styleUrl>
		</Pair>
	</StyleMap>
	<StyleMap id="line-1267FF-5000-nodesc8">
		<Pair>
			<key>normal</key>
			<styleUrl>#line-1267FF-5000-nodesc-normal11</styleUrl>
		</Pair>
		<Pair>
			<key>highlight</key>
			<styleUrl>#line-1267FF-5000-nodesc-highlight15</styleUrl>
		</Pair>
	</StyleMap>
	<StyleMap id="line-1267FF-5000-nodesc9">
		<Pair>
			<key>normal</key>
			<styleUrl>#line-1267FF-5000-nodesc-normal17</styleUrl>
		</Pair>
		<Pair>
			<key>highlight</key>
			<styleUrl>#line-1267FF-5000-nodesc-highlight9</styleUrl>
		</Pair>
	</StyleMap>
	<StyleMap id="m_ylw-pushpin">
		<Pair>
			<key>normal</key>
			<styleUrl>#s_ylw-pushpin</styleUrl>
		</Pair>
		<Pair>
			<key>highlight</key>
			<styleUrl>#s_ylw-pushpin_hl</styleUrl>
		</Pair>
	</StyleMap>
	<StyleMap id="msn_1_TC">
		<Pair>
			<key>normal</key>
			<styleUrl>#sn_1_TC4</styleUrl>
		</Pair>
		<Pair>
			<key>highlight</key>
			<styleUrl>#sh_1_TC4</styleUrl>
		</Pair>
	</StyleMap>
	<StyleMap id="msn_1_TC2">
		<Pair>
			<key>normal</key>
			<styleUrl>#sn_1_TC5</styleUrl>
		</Pair>
		<Pair>
			<key>highlight</key>
			<styleUrl>#sh_1_TC1</styleUrl>
		</Pair>
	</StyleMap>
	<StyleMap id="msn_1_TC4">
		<Pair>
			<key>normal</key>
			<styleUrl>#sn_1_TC14</styleUrl>
		</Pair>
		<Pair>
			<key>highlight</key>
			<styleUrl>#sh_1_TC10</styleUrl>
		</Pair>
	</StyleMap>
	<StyleMap id="msn_1_TC7">
		<Pair>
			<key>normal</key>
			<styleUrl>#sn_1_TC6</styleUrl>
		</Pair>
		<Pair>
			<key>highlight</key>
			<styleUrl>#sh_1_TC11</styleUrl>
		</Pair>
	</StyleMap>
	<StyleMap id="msn_26_Chevron">
		<Pair>
			<key>normal</key>
			<styleUrl>#sn_26_Chevron100</styleUrl>
		</Pair>
		<Pair>
			<key>highlight</key>
			<styleUrl>#sh_26_Chevron5</styleUrl>
		</Pair>
	</StyleMap>
	<StyleMap id="msn_26_Chevron110">
		<Pair>
			<key>normal</key>
			<styleUrl>#sn_26_Chevron5</styleUrl>
		</Pair>
		<Pair>
			<key>highlight</key>
			<styleUrl>#sh_26_Chevron0</styleUrl>
		</Pair>
	</StyleMap>
	<StyleMap id="msn_26_Chevron6">
		<Pair>
			<key>normal</key>
			<styleUrl>#sn_26_Chevron00</styleUrl>
		</Pair>
		<Pair>
			<key>highlight</key>
			<styleUrl>#sh_26_Chevron4</styleUrl>
		</Pair>
	</StyleMap>
	<StyleMap id="msn_26_Chevron70">
		<Pair>
			<key>normal</key>
			<styleUrl>#sn_26_Chevron3</styleUrl>
		</Pair>
		<Pair>
			<key>highlight</key>
			<styleUrl>#sh_26_Chevron90</styleUrl>
		</Pair>
	</StyleMap>
	<StyleMap id="msn_2_Start1">
		<Pair>
			<key>normal</key>
			<styleUrl>#sn_2_Start3</styleUrl>
		</Pair>
		<Pair>
			<key>highlight</key>
			<styleUrl>#sh_2_Start8</styleUrl>
		</Pair>
	</StyleMap>
	<StyleMap id="msn_2_Start3">
		<Pair>
			<key>normal</key>
			<styleUrl>#sn_2_Start1</styleUrl>
		</Pair>
		<Pair>
			<key>highlight</key>
			<styleUrl>#sh_2_Start6</styleUrl>
		</Pair>
	</StyleMap>
	<StyleMap id="msn_2_Start9">
		<Pair>
			<key>normal</key>
			<styleUrl>#sn_2_Start8</styleUrl>
		</Pair>
		<Pair>
			<key>highlight</key>
			<styleUrl>#sh_2_Start4</styleUrl>
		</Pair>
	</StyleMap>
	<StyleMap id="msn_3_FF0">
		<Pair>
			<key>normal</key>
			<styleUrl>#sn_3_FF5</styleUrl>
		</Pair>
		<Pair>
			<key>highlight</key>
			<styleUrl>#sh_3_FF8</styleUrl>
		</Pair>
	</StyleMap>
	<StyleMap id="msn_3_FF2">
		<Pair>
			<key>normal</key>
			<styleUrl>#sn_3_FF8</styleUrl>
		</Pair>
		<Pair>
			<key>highlight</key>
			<styleUrl>#sh_3_FF5</styleUrl>
		</Pair>
	</StyleMap>
	<StyleMap id="msn_3_FF9">
		<Pair>
			<key>normal</key>
			<styleUrl>#sn_3_FF4</styleUrl>
		</Pair>
		<Pair>
			<key>highlight</key>
			<styleUrl>#sh_3_FF9</styleUrl>
		</Pair>
	</StyleMap>
	<StyleMap id="msn_4_Stop">
		<Pair>
			<key>normal</key>
			<styleUrl>#sn_4_Stop4</styleUrl>
		</Pair>
		<Pair>
			<key>highlight</key>
			<styleUrl>#sh_4_Stop0</styleUrl>
		</Pair>
	</StyleMap>
	<StyleMap id="msn_4_Stop0">
		<Pair>
			<key>normal</key>
			<styleUrl>#sn_4_Stop5</styleUrl>
		</Pair>
		<Pair>
			<key>highlight</key>
			<styleUrl>#sh_4_Stop5</styleUrl>
		</Pair>
	</StyleMap>
	<StyleMap id="msn_4_Stop6">
		<Pair>
			<key>normal</key>
			<styleUrl>#sn_4_Stop8</styleUrl>
		</Pair>
		<Pair>
			<key>highlight</key>
			<styleUrl>#sh_4_Stop2</styleUrl>
		</Pair>
	</StyleMap>
	<StyleMap id="msn_5_RP4">
		<Pair>
			<key>normal</key>
			<styleUrl>#sn_5_RP2</styleUrl>
		</Pair>
		<Pair>
			<key>highlight</key>
			<styleUrl>#sh_5_RP3</styleUrl>
		</Pair>
	</StyleMap>
	<StyleMap id="msn_8_Refuel1">
		<Pair>
			<key>normal</key>
			<styleUrl>#sn_8_Refuel</styleUrl>
		</Pair>
		<Pair>
			<key>highlight</key>
			<styleUrl>#sh_8_Refuel1</styleUrl>
		</Pair>
	</StyleMap>
	<StyleMap id="msn_fia_rv1_92">
		<Pair>
			<key>normal</key>
			<styleUrl>#sn_fia_rv1_92</styleUrl>
		</Pair>
		<Pair>
			<key>highlight</key>
			<styleUrl>#sh_fia_rv1_92</styleUrl>
		</Pair>
	</StyleMap>
	<Style id="s_ylw-pushpin">
		<IconStyle>
			<scale>0.3</scale>
			<Icon>
				<href>https://www.rallystream.net/icon/64w/rv/fia_rv2_92.png</href>
			</Icon>
			<hotSpot x="0.5" y="0.5" xunits="fraction" yunits="fraction"/>
		</IconStyle>
		<ListStyle>
		</ListStyle>
	</Style>
	<Style id="s_ylw-pushpin_hl">
		<IconStyle>
			<scale>0.3</scale>
			<Icon>
				<href>https://www.rallystream.net/icon/64w/rv/fia_rv2_92.png</href>
			</Icon>
			<hotSpot x="0.5" y="0.5" xunits="fraction" yunits="fraction"/>
		</IconStyle>
		<ListStyle>
		</ListStyle>
	</Style>
	<Style id="sh_1_TC1">
		<IconStyle>
			<scale>0.1</scale>
			<Icon>
				<href>https://www.rallystream.net/icon/mosco/1_TC.png</href>
			</Icon>
		</IconStyle>
	</Style>
	<Style id="sh_1_TC10">
		<IconStyle>
			<scale>0.1</scale>
			<Icon>
				<href>https://www.rallystream.net/icon/mosco/1_TC.png</href>
			</Icon>
		</IconStyle>
	</Style>
	<Style id="sh_1_TC11">
		<IconStyle>
			<scale>0.1</scale>
			<Icon>
				<href>https://www.rallystream.net/icon/mosco/1_TC.png</href>
			</Icon>
		</IconStyle>
	</Style>
	<Style id="sh_1_TC4">
		<IconStyle>
			<scale>0.1</scale>
			<Icon>
				<href>https://www.rallystream.net/icon/mosco/1_TC.png</href>
			</Icon>
		</IconStyle>
	</Style>
	<Style id="sh_26_Chevron0">
		<IconStyle>
			<scale>0.1</scale>
			<Icon>
				<href>https://www.rallystream.net/icon/mosco/5_RP.png</href>
			</Icon>
			<hotSpot x="0.5" y="0.5" xunits="fraction" yunits="fraction"/>
		</IconStyle>
	</Style>
	<Style id="sh_26_Chevron4">
		<IconStyle>
			<scale>0.1</scale>
			<Icon>
				<href>https://www.rallystream.net/icon/mosco/5_RP.png</href>
			</Icon>
			<hotSpot x="0.5" y="0.5" xunits="fraction" yunits="fraction"/>
		</IconStyle>
	</Style>
	<Style id="sh_26_Chevron5">
		<IconStyle>
			<scale>0.1</scale>
			<Icon>
				<href>https://www.rallystream.net/icon/mosco/5_RP.png</href>
			</Icon>
			<hotSpot x="0.5" y="0.5" xunits="fraction" yunits="fraction"/>
		</IconStyle>
	</Style>
	<Style id="sh_26_Chevron90">
		<IconStyle>
			<scale>0.1</scale>
			<Icon>
				<href>https://www.rallystream.net/icon/mosco/5_RP.png</href>
			</Icon>
			<hotSpot x="0.5" y="0.5" xunits="fraction" yunits="fraction"/>
		</IconStyle>
	</Style>
	<Style id="sh_2_Start4">
		<IconStyle>
			<scale>0.1</scale>
			<Icon>
				<href>https://www.rallystream.net/icon/mosco/2_Start.png</href>
			</Icon>
		</IconStyle>
	</Style>
	<Style id="sh_2_Start6">
		<IconStyle>
			<scale>0.1</scale>
			<Icon>
				<href>https://www.rallystream.net/icon/mosco/2_Start.png</href>
			</Icon>
		</IconStyle>
	</Style>
	<Style id="sh_2_Start8">
		<IconStyle>
			<scale>0.1</scale>
			<Icon>
				<href>https://www.rallystream.net/icon/mosco/2_Start.png</href>
			</Icon>
		</IconStyle>
	</Style>
	<Style id="sh_3_FF5">
		<IconStyle>
			<scale>0.1</scale>
			<Icon>
				<href>https://www.rallystream.net/icon/mosco/3_FF.png</href>
			</Icon>
		</IconStyle>
	</Style>
	<Style id="sh_3_FF8">
		<IconStyle>
			<scale>0.1</scale>
			<Icon>
				<href>https://www.rallystream.net/icon/mosco/3_FF.png</href>
			</Icon>
		</IconStyle>
	</Style>
	<Style id="sh_3_FF9">
		<IconStyle>
			<scale>0.1</scale>
			<Icon>
				<href>https://www.rallystream.net/icon/mosco/3_FF.png</href>
			</Icon>
		</IconStyle>
	</Style>
	<Style id="sh_4_Stop0">
		<IconStyle>
			<scale>0.1</scale>
			<Icon>
				<href>https://www.rallystream.net/icon/mosco/4_Stop.png</href>
			</Icon>
		</IconStyle>
	</Style>
	<Style id="sh_4_Stop2">
		<IconStyle>
			<scale>0.1</scale>
			<Icon>
				<href>https://www.rallystream.net/icon/mosco/4_Stop.png</href>
			</Icon>
		</IconStyle>
	</Style>
	<Style id="sh_4_Stop5">
		<IconStyle>
			<scale>0.1</scale>
			<Icon>
				<href>https://www.rallystream.net/icon/mosco/4_Stop.png</href>
			</Icon>
		</IconStyle>
	</Style>
	<Style id="sh_5_RP3">
		<IconStyle>
			<scale>0.118182</scale>
			<Icon>
				<href>https://www.rallystream.net/icon/mosco/5_RP.png</href>
			</Icon>
		</IconStyle>
	</Style>
	<Style id="sh_8_Refuel1">
		<IconStyle>
			<scale>0.1</scale>
			<Icon>
				<href>https://www.rallystream.net/icon/mosco/8_Refuel.png</href>
			</Icon>
		</IconStyle>
	</Style>
	<Style id="sh_fia_rv1_92">
		<IconStyle>
			<scale>0.354546</scale>
			<Icon>
				<href>https://www.rallystream.net/icon/64w/rv/fia_rv1_92.png</href>
			</Icon>
		</IconStyle>
		<BalloonStyle>
		</BalloonStyle>
		<ListStyle>
		</ListStyle>
	</Style>
	<Style id="sn_1_TC14">
		<IconStyle>
			<scale>0.1</scale>
			<Icon>
				<href>https://www.rallystream.net/icon/mosco/1_TC.png</href>
			</Icon>
		</IconStyle>
		<LabelStyle>
			<scale>0</scale>
		</LabelStyle>
	</Style>
	<Style id="sn_1_TC4">
		<IconStyle>
			<scale>0.1</scale>
			<Icon>
				<href>https://www.rallystream.net/icon/mosco/1_TC.png</href>
			</Icon>
		</IconStyle>
		<LabelStyle>
			<scale>0</scale>
		</LabelStyle>
	</Style>
	<Style id="sn_1_TC5">
		<IconStyle>
			<scale>0.1</scale>
			<Icon>
				<href>https://www.rallystream.net/icon/mosco/1_TC.png</href>
			</Icon>
		</IconStyle>
		<LabelStyle>
			<scale>0</scale>
		</LabelStyle>
	</Style>
	<Style id="sn_1_TC6">
		<IconStyle>
			<scale>0.1</scale>
			<Icon>
				<href>https://www.rallystream.net/icon/mosco/1_TC.png</href>
			</Icon>
		</IconStyle>
		<LabelStyle>
			<scale>0</scale>
		</LabelStyle>
	</Style>
	<Style id="sn_26_Chevron00">
		<IconStyle>
			<scale>0.1</scale>
			<Icon>
				<href>https://www.rallystream.net/icon/mosco/5_RP.png</href>
			</Icon>
			<hotSpot x="0.5" y="0.5" xunits="fraction" yunits="fraction"/>
		</IconStyle>
	</Style>
	<Style id="sn_26_Chevron100">
		<IconStyle>
			<scale>0.1</scale>
			<Icon>
				<href>https://www.rallystream.net/icon/mosco/5_RP.png</href>
			</Icon>
			<hotSpot x="0.5" y="0.5" xunits="fraction" yunits="fraction"/>
		</IconStyle>
	</Style>
	<Style id="sn_26_Chevron3">
		<IconStyle>
			<scale>0.1</scale>
			<Icon>
				<href>https://www.rallystream.net/icon/mosco/5_RP.png</href>
			</Icon>
			<hotSpot x="0.5" y="0.5" xunits="fraction" yunits="fraction"/>
		</IconStyle>
	</Style>
	<Style id="sn_26_Chevron5">
		<IconStyle>
			<scale>0.1</scale>
			<Icon>
				<href>https://www.rallystream.net/icon/mosco/5_RP.png</href>
			</Icon>
			<hotSpot x="0.5" y="0.5" xunits="fraction" yunits="fraction"/>
		</IconStyle>
	</Style>
	<Style id="sn_2_Start1">
		<IconStyle>
			<scale>0.1</scale>
			<Icon>
				<href>https://www.rallystream.net/icon/mosco/2_Start.png</href>
			</Icon>
		</IconStyle>
		<LabelStyle>
			<scale>0</scale>
		</LabelStyle>
	</Style>
	<Style id="sn_2_Start3">
		<IconStyle>
			<scale>0.1</scale>
			<Icon>
				<href>https://www.rallystream.net/icon/mosco/2_Start.png</href>
			</Icon>
		</IconStyle>
		<LabelStyle>
			<scale>0</scale>
		</LabelStyle>
	</Style>
	<Style id="sn_2_Start8">
		<IconStyle>
			<scale>0.1</scale>
			<Icon>
				<href>https://www.rallystream.net/icon/mosco/2_Start.png</href>
			</Icon>
		</IconStyle>
		<LabelStyle>
			<scale>0</scale>
		</LabelStyle>
	</Style>
	<Style id="sn_3_FF4">
		<IconStyle>
			<scale>0.1</scale>
			<Icon>
				<href>https://www.rallystream.net/icon/mosco/3_FF.png</href>
			</Icon>
		</IconStyle>
		<LabelStyle>
			<scale>0</scale>
		</LabelStyle>
	</Style>
	<Style id="sn_3_FF5">
		<IconStyle>
			<scale>0.1</scale>
			<Icon>
				<href>https://www.rallystream.net/icon/mosco/3_FF.png</href>
			</Icon>
		</IconStyle>
		<LabelStyle>
			<scale>0</scale>
		</LabelStyle>
	</Style>
	<Style id="sn_3_FF8">
		<IconStyle>
			<scale>0.1</scale>
			<Icon>
				<href>https://www.rallystream.net/icon/mosco/3_FF.png</href>
			</Icon>
		</IconStyle>
		<LabelStyle>
			<scale>0</scale>
		</LabelStyle>
	</Style>
	<Style id="sn_4_Stop4">
		<IconStyle>
			<scale>0.1</scale>
			<Icon>
				<href>https://www.rallystream.net/icon/mosco/4_Stop.png</href>
			</Icon>
		</IconStyle>
		<LabelStyle>
			<scale>0</scale>
		</LabelStyle>
	</Style>
	<Style id="sn_4_Stop5">
		<IconStyle>
			<scale>0.1</scale>
			<Icon>
				<href>https://www.rallystream.net/icon/mosco/4_Stop.png</href>
			</Icon>
		</IconStyle>
		<LabelStyle>
			<scale>0</scale>
		</LabelStyle>
	</Style>
	<Style id="sn_4_Stop8">
		<IconStyle>
			<scale>0.1</scale>
			<Icon>
				<href>https://www.rallystream.net/icon/mosco/4_Stop.png</href>
			</Icon>
		</IconStyle>
		<LabelStyle>
			<scale>0</scale>
		</LabelStyle>
	</Style>
	<Style id="sn_5_RP2">
		<IconStyle>
			<scale>0.1</scale>
			<Icon>
				<href>https://www.rallystream.net/icon/mosco/5_RP.png</href>
			</Icon>
		</IconStyle>
	</Style>
	<Style id="sn_8_Refuel">
		<IconStyle>
			<scale>0.1</scale>
			<Icon>
				<href>https://www.rallystream.net/icon/mosco/8_Refuel.png</href>
			</Icon>
		</IconStyle>
		<LabelStyle>
			<scale>0</scale>
		</LabelStyle>
	</Style>
	<Style id="sn_fia_rv1_92">
		<IconStyle>
			<scale>0.3</scale>
			<Icon>
				<href>https://www.rallystream.net/icon/64w/rv/fia_rv1_92.png</href>
			</Icon>
		</IconStyle>
		<BalloonStyle>
		</BalloonStyle>
		<ListStyle>
		</ListStyle>
	</Style>
	<Folder>
		<name>JRC GRAVEL 2026 Leg1</name>
		<visibility>0</visibility>
		<Placemark>
			<name>TC ServiceIN</name>
			<visibility>0</visibility>
			<styleUrl>#msn_1_TC4</styleUrl>
			<Point>
				<coordinates>130.102765,33.304715,0</coordinates>
			</Point>
		</Placemark>
		<Placemark>
			<name>TC ServiceOUT</name>
			<visibility>0</visibility>
			<styleUrl>#msn_1_TC4</styleUrl>
			<Point>
				<coordinates>130.10261,33.304397,0</coordinates>
			</Point>
		</Placemark>
		<Placemark>
			<name>TC0</name>
			<visibility>0</visibility>
			<styleUrl>#msn_1_TC4</styleUrl>
			<Point>
				<coordinates>130.09591,33.288284,0</coordinates>
			</Point>
		</Placemark>
		<Placemark>
			<name>TC RegroupIN</name>
			<visibility>0</visibility>
			<styleUrl>#msn_1_TC4</styleUrl>
			<Point>
				<coordinates>130.1097735,33.288801,0</coordinates>
			</Point>
		</Placemark>
		<Placemark>
			<name>TC ReguroupOUT</name>
			<visibility>0</visibility>
			<styleUrl>#msn_1_TC4</styleUrl>
			<Point>
				<coordinates>130.1101343,33.288884,0</coordinates>
			</Point>
		</Placemark>
		<Placemark>
			<name>RZ1,2</name>
			<visibility>0</visibility>
			<styleUrl>#msn_8_Refuel1</styleUrl>
			<Point>
				<coordinates>130.100168,33.289268,0</coordinates>
			</Point>
		</Placemark>
		<Placemark>
			<name>RV1</name>
			<visibility>0</visibility>
			<LookAt>
				<longitude>130.2147182406281</longitude>
				<latitude>33.32153602863436</latitude>
				<altitude>0</altitude>
				<heading>-4.444312194215347</heading>
				<tilt>20.70840039660633</tilt>
				<range>317.4275877657329</range>
				<gx:altitudeMode>relativeToSeaFloor</gx:altitudeMode>
			</LookAt>
			<styleUrl>#msn_fia_rv1_92</styleUrl>
			<Point>
				<gx:drawOrder>1</gx:drawOrder>
				<coordinates>130.2138168635495,33.32124332237967,0</coordinates>
			</Point>
		</Placemark>
		<Placemark>
			<name>RV2</name>
			<visibility>0</visibility>
			<LookAt>
				<longitude>130.1349453505133</longitude>
				<latitude>33.35625587094349</latitude>
				<altitude>0</altitude>
				<heading>-4.088378421209876</heading>
				<tilt>30.00161073387863</tilt>
				<range>358.6948283012653</range>
				<gx:altitudeMode>relativeToSeaFloor</gx:altitudeMode>
			</LookAt>
			<styleUrl>#m_ylw-pushpin</styleUrl>
			<Point>
				<gx:drawOrder>1</gx:drawOrder>
				<coordinates>130.1345586482701,33.3565010925958,0</coordinates>
			</Point>
		</Placemark>
		<Folder>
			<name>SS1,4 Tenzan West</name>
			<visibility>0</visibility>
			<Placemark>
				<name>Liaison1</name>
				<visibility>0</visibility>
				<styleUrl>#line-1267FF-5000-nodesc13</styleUrl>
				<LineString>
					<tessellate>1</tessellate>
					<coordinates>
						130.09593,33.28842,0 130.09591,33.28842,0 130.09559,33.28848,0 130.09557,33.28849,0 130.09556,33.28849,0 130.09556,33.2885,0 130.09555,33.2885,0 130.09555,33.28851,0 130.09554,33.28853,0 130.09554,33.28854,0 130.09559,33.28876,0 130.09718,33.28847,0 130.09721,33.28846,0 130.1016,33.28764,0 130.10179,33.28857,0 130.10189,33.28923,0 130.10694,33.28836,0 130.10699,33.28836,0 130.10705,33.28835,0 130.10726,33.28835,0 130.10756,33.28838,0 130.10785,33.28845,0 130.10825,33.2886,0 130.11095,33.28976,0 130.11158,33.28998,0 130.11161,33.28998,0 130.11172,33.29001,0 130.11174,33.29002,0 130.11384,33.29062,0 130.11386,33.29063,0 130.11397,33.29065,0 130.114,33.29065,0 130.11413,33.29068,0 130.11441,33.29072,0 130.11468,33.29074,0 130.11609,33.29074,0 130.11623,33.29084,0 130.11624,33.29086,0 130.11627,33.29089,0 130.11632,33.29097,0 130.11634,33.29099,0 130.11636,33.291,0 130.1165,33.29117,0 130.11654,33.2912,0 130.1166,33.29126,0 130.11671,33.29134,0 130.11685,33.29142,0 130.11714,33.29156,0 130.11789,33.29184,0 130.11838,33.29208,0 130.11844,33.29212,0 130.11867,33.29221,0 130.11876,33.29222,0 130.11883,33.29222,0 130.1189,33.29223,0 130.11896,33.29222,0 130.11904,33.29222,0 130.1192,33.29218,0 130.11923,33.29216,0 130.11924,33.29216,0 130.11933,33.29212,0 130.11985,33.29178,0 130.11986,33.29177,0 130.12031,33.29157,0 130.12042,33.29154,0 130.12061,33.29152,0 130.12103,33.29139,0 130.12293,33.29098,0 130.12301,33.29092,0 130.12331,33.29086,0 130.12335,33.29086,0 130.12575,33.29039,0 130.12629,33.29025,0 130.13022,33.28944,0 130.13039,33.28939,0 130.1309,33.28929,0 130.13185,33.28899,0 130.13266,33.28865,0 130.13275,33.28864,0 130.13367,33.28822,0 130.13384,33.28816,0 130.13392,33.28812,0 130.13396,33.28811,0 130.134,33.28809,0 130.13402,33.28809,0 130.13406,33.28807,0 130.13411,33.28806,0 130.13416,33.28804,0 130.13452,33.28794,0 130.13483,33.2879,0 130.13489,33.2879,0 130.13506,33.28786,0 130.13527,33.28786,0 130.13741,33.28812,0 130.13847,33.28819,0 130.1392,33.2882,0 130.14069,33.28815,0 130.14165,33.28807,0 130.14167,33.28806,0 130.14189,33.28804,0 130.14192,33.28803,0 130.14342,33.2878,0 130.14356,33.28776,0 130.14478,33.28756,0 130.14481,33.28755,0 130.14499,33.28752,0 130.14503,33.28752,0 130.1451,33.2875,0 130.15096,33.28639,0 130.15182,33.28626,0 130.15288,33.28616,0 130.15438,33.28614,0 130.15503,33.28617,0 130.15577,33.28624,0 130.15583,33.28624,0 130.15726,33.28642,0 130.15783,33.28655,0 130.15784,33.28655,0 130.15921,33.28695,0 130.1605,33.28742,0 130.16099,33.28757,0 130.1615,33.28776,0 130.16154,33.28777,0 130.16189,33.28793,0 130.16201,33.28797,0 130.1621,33.28798,0 130.1622,33.28797,0 130.16234,33.28792,0 130.16243,33.28785,0 130.1625,33.28776,0 130.16258,33.28762,0 130.16275,33.28738,0 130.16281,33.28734,0 130.16289,33.2873,0 130.16336,33.28742,0 130.16402,33.28752,0 130.16429,33.28754,0 130.16507,33.28752,0 130.16528,33.28756,0 130.16547,33.28765,0 130.16603,33.28815,0 130.16609,33.28818,0 130.1661,33.28818,0 130.16613,33.28819,0 130.16629,33.28818,0 130.16632,33.28817,0 130.16641,33.28817,0 130.16671,33.28854,0 130.16678,33.28861,0 130.16687,33.28872,0 130.16697,33.28882,0 130.16727,33.28907,0 130.16757,33.28926,0 130.1676,33.28929,0 130.16764,33.28931,0 130.16771,33.28936,0 130.16773,33.28938,0 130.16776,33.2894,0 130.16788,33.28952,0 130.1679,33.28956,0 130.16798,33.28965,0 130.16799,33.28968,0 130.16807,33.28978,0 130.16807,33.28979,0 130.16811,33.28984,0 130.16814,33.28991,0 130.16815,33.28991,0 130.16818,33.28996,0 130.16826,33.29005,0 130.16831,33.29013,0 130.16837,33.29019,0 130.16839,33.29022,0 130.16849,33.29032,0 130.16859,33.29039,0 130.16863,33.29041,0 130.16867,33.29044,0 130.16876,33.29049,0 130.16888,33.29053,0 130.16892,33.29055,0 130.16909,33.29059,0 130.16913,33.29059,0 130.16927,33.29061,0 130.17092,33.29056,0 130.17117,33.29058,0 130.17126,33.2906,0 130.17132,33.2906,0 130.17137,33.29061,0 130.17152,33.29062,0 130.1737,33.2909,0 130.17375,33.2909,0 130.17768,33.29139,0 130.17777,33.29141,0 130.17875,33.29153,0 130.17878,33.29154,0 130.1775,33.29243,0 130.1772,33.2927,0 130.17718,33.29273,0 130.17709,33.29281,0 130.17706,33.29286,0 130.17696,33.29298,0 130.17695,33.29301,0 130.17651,33.29387,0 130.17645,33.29394,0 130.17644,33.29397,0 130.17635,33.29408,0 130.17606,33.29435,0 130.17599,33.2944,0 130.17594,33.29445,0 130.17589,33.29448,0 130.17576,33.29458,0 130.17549,33.29475,0 130.1753,33.2949,0 130.17527,33.29494,0 130.17518,33.29503,0 130.17509,33.29514,0 130.17498,33.29532,0 130.17489,33.29552,0 130.17486,33.29557,0 130.17486,33.29558,0 130.17476,33.29593,0 130.17473,33.296,0 130.17471,33.29603,0 130.1747,33.29606,0 130.17295,33.29794,0 130.17291,33.298,0 130.17286,33.29812,0 130.17286,33.29813,0 130.17282,33.29821,0 130.17275,33.29844,0 130.17272,33.2986,0 130.17267,33.29901,0 130.17265,33.2991,0 130.17263,33.29915,0 130.17262,33.29916,0 130.17261,33.29918,0 130.17261,33.29919,0 130.17237,33.29948,0 130.17227,33.29963,0 130.17226,33.29968,0 130.17198,33.30036,0 130.17131,33.30158,0 130.1713,33.30158,0 130.17128,33.30162,0 130.17104,33.30196,0 130.17097,33.30204,0 130.17045,33.30275,0 130.16989,33.30358,0 130.16964,33.30389,0 130.16946,33.30408,0 130.16943,33.30412,0 130.16935,33.30418,0 130.16933,33.30419,0 130.16931,33.30421,0 130.16917,33.30426,0 130.16895,33.3043,0 130.16891,33.3043,0 130.16865,33.30436,0 130.16856,33.30441,0 130.16855,33.30442,0 130.16854,33.30442,0 130.16852,33.30444,0 130.16849,33.30446,0 130.16841,33.30455,0 130.16837,33.30462,0 130.16834,33.30471,0 130.16834,33.30474,0 130.16833,33.30479,0 130.16833,33.3049,0 130.16829,33.30525,0 130.16826,33.30533,0 130.16819,33.30544,0 130.16809,33.30554,0 130.16794,33.30565,0 130.16791,33.30566,0 130.1677,33.30581,0 130.16765,33.30586,0 130.16759,33.30596,0 130.16757,33.30604,0 130.16756,33.30606,0 130.16755,33.30633,0 130.16754,33.30638,0 130.16754,33.30641,0 130.16752,33.30646,0 130.16745,33.30657,0 130.16687,33.30726,0 130.16651,33.30763,0 130.16648,33.30765,0 130.16645,33.30768,0 130.16542,33.30841,0 130.16531,33.3085,0 130.16522,33.30859,0 130.1652,33.30858,0 130.16509,33.30858,0 130.16489,33.30862,0 130.16469,33.30862,0 130.16465,33.30861,0 130.16463,33.3086,0 130.16462,33.3086,0 130.16445,33.30853,0 130.16443,33.30853,0 130.16432,33.30848,0 130.16423,33.30846,0 130.16418,33.30846,0 130.16414,33.30845,0 130.16408,33.30845,0 130.16403,33.30846,0 130.16402,33.30847,0 130.16398,33.30847,0 130.16394,33.30848,0 130.16389,33.30851,0 130.16382,33.30854,0 130.16381,33.30855,0 130.16379,33.30856,0 130.16373,33.30862,0 130.1637,33.30864,0 130.16359,33.30882,0 130.16356,33.30885,0 130.16354,33.30889,0 130.16346,33.30898,0 130.16331,33.30908,0 130.16325,33.30911,0 130.16309,33.30916,0 130.16191,33.30944,0 130.1614,33.30954,0 130.16129,33.30954,0 130.16082,33.30947,0 130.16075,33.30947,0 130.16066,33.30946,0 130.16029,33.30946,0 130.16025,33.30947,0 130.1602,33.30947,0 130.16005,33.30954,0 130.15994,33.30956,0 130.15988,33.30963,0 130.15987,33.30967,0 130.15986,33.30969,0 130.15986,33.30972,0 130.15987,33.30977,0 130.15991,33.30985,0 130.15999,33.30991,0 130.16009,33.30995,0 130.1601,33.30995,0 130.16019,33.30998,0 130.16024,33.30999,0 130.16027,33.31001,0 130.16029,33.31003,0 130.16031,33.31004,0 130.16036,33.31009,0 130.1604,33.31018,0 130.16041,33.31028,0 130.1604,33.31039,0 130.16036,33.31054,0 130.16036,33.31055,0 130.16033,33.31062,0 130.16031,33.31065,0 130.16029,33.3107,0 130.16019,33.3108,0 130.16014,33.31082,0 130.16013,33.31083,0 130.15983,33.31093,0 130.15973,33.31095,0 130.15841,33.31132,0 130.15827,33.31138,0 130.15826,33.3114,0 130.15823,33.31143,0 130.15821,33.31148,0 130.15821,33.31152,0 130.15823,33.31159,0 130.15825,33.31163,0 130.1584,33.31181,0 130.15844,33.31184,0 130.15848,33.31186,0 130.15852,33.31189,0 130.1587,33.31199,0 130.15896,33.31216,0 130.15916,33.31231,0 130.1592,33.31233,0 130.15924,33.31234,0 130.15925,33.31234,0 130.15929,33.31236,0 130.15956,33.31242,0 130.15965,33.31245,0 130.15972,33.31251,0 130.15976,33.31259,0 130.15976,33.31263,0 130.15975,33.31268,0 130.15973,33.31272,0 130.1597,33.31276,0 130.15966,33.31279,0 130.15961,33.31281,0 130.15951,33.31283,0 130.15865,33.31274,0 130.15862,33.31273,0 130.15846,33.3127,0 130.15822,33.3126,0 130.15777,33.31225,0 130.15764,33.31212,0 130.15762,33.31212,0 130.1576,33.3121,0 130.15757,33.31209,0 130.1575,33.31209,0 130.15742,33.3121,0 130.1574,33.31211,0 130.15735,33.31215,0 130.15733,33.31218,0 130.15731,33.31223,0 130.15731,33.31227,0 130.15732,33.31232,0 130.1574,33.3124,0 130.15758,33.3125,0 130.15767,33.31258,0 130.15771,33.31267,0 130.15771,33.31274,0 130.1577,33.3128,0 130.15768,33.31284,0 130.15762,33.31291,0 130.15757,33.31294,0 130.15754,33.31297,0 130.15747,33.31301,0 130.15739,33.31303,0 130.15728,33.31303,0 130.15676,33.31297,0 130.15672,33.31296,0 130.15639,33.31293,0 130.15618,33.31296,0 130.15612,33.31298,0 130.15604,33.31302,0 130.156,33.31305,0 130.15596,33.31306,0 130.15594,33.31307,0 130.15592,33.31307,0 130.15589,33.31306,0 130.15568,33.31305,0 130.15562,33.31306,0 130.15553,33.3131,0 130.15549,33.31313,0 130.15535,33.31327,0 130.15532,33.31332,0 130.15532,33.31334,0 130.15531,33.31336,0 130.15533,33.31344,0 130.15537,33.31349,0 130.15544,33.31356,0 130.1557,33.31376,0 130.1558,33.31386,0 130.15585,33.31388,0 130.15589,33.31391,0 130.15601,33.31395,0 130.15613,33.31397,0 130.15616,33.31398,0 130.15619,33.31398,0 130.15629,33.31402,0 130.15632,33.31404,0 130.15636,33.31408,0 130.15638,33.31409,0 130.15644,33.31417,0 130.15645,33.31419,0 130.15645,33.31423,0 130.15642,33.31426,0 130.15638,33.31428,0 130.15629,33.31428,0 130.15616,33.31417,0 130.15612,33.31415,0 130.15606,33.31413,0 130.156,33.31413,0 130.15592,33.31415,0 130.15589,33.31415,0 130.15579,33.31419,0 130.15575,33.31422,0 130.15573,33.31426,0 130.1557,33.3143,0 130.15566,33.31439,0 130.15566,33.3144,0 130.15565,33.31443,0 130.15557,33.31459,0 130.15551,33.31467,0 130.15547,33.3147,0 130.15543,33.31474,0 130.15539,33.31477,0 130.1553,33.31482,0 130.15522,33.31488,0 130.15511,33.31493,0 130.15485,33.31498,0 130.1547,33.31504,0 130.15469,33.31505,0 130.15464,33.31508,0 130.15461,33.31511,0 130.15444,33.31523,0 130.15439,33.31525,0 130.15434,33.31528,0 130.15429,33.3153,0 130.15424,33.31531,0 130.15419,33.31533,0 130.15417,33.31533,0 130.15414,33.31534,0 130.15408,33.31535,0 130.15403,33.31535,0 130.15397,33.31536,0 130.15386,33.31536,0 130.15369,33.31533,0 130.15358,33.31533,0 130.15353,33.31535,0 130.1535,33.31535,0 130.15339,33.31542,0 130.15324,33.31557,0 130.15317,33.31557,0 130.15312,33.31555,0 130.15309,33.31552,0 130.15309,33.31549,0 130.1531,33.31546,0 130.15311,33.31545,0 130.15312,33.31543,0 130.1532,33.31537,0 130.15324,33.31532,0 130.15327,33.3153,0 130.15352,33.31506,0 130.15357,33.31503,0 130.15368,33.31499,0 130.15373,33.31499,0 130.15374,33.31498,0 130.15395,33.31496,0 130.15397,33.31495,0 130.15399,33.31495,0 130.154,33.31494,0 130.15402,33.31493,0 130.15406,33.31489,0 130.15406,33.31484,0 130.15405,33.31483,0 130.15405,33.31481,0 130.15403,33.31479,0 130.15395,33.31475,0 130.15368,33.31477,0 130.15364,33.31478,0 130.15345,33.31479,0 130.15342,33.31478,0 130.1534,33.31478,0 130.15327,33.31473,0 130.15326,33.31472,0 130.15318,33.31468,0 130.15312,33.31466,0 130.15305,33.31466,0 130.15303,33.31467,0 130.15301,33.31467,0 130.15298,33.3147,0 130.15297,33.31472,0 130.15297,33.31474,0 130.15296,33.31476,0 130.15296,33.31491,0 130.15295,33.31494,0 130.15289,33.31504,0 130.15283,33.3151,0 130.15265,33.31519,0 130.15258,33.31524,0 130.15255,33.3153,0 130.15254,33.31535,0 130.15252,33.31539,0 130.15252,33.31541,0 130.1525,33.31545,0 130.15249,33.31549,0 130.15245,33.31553,0 130.15243,33.31554,0 130.15233,33.31554,0 130.15231,33.31552,0 130.1523,33.31552,0 130.1523,33.31551,0 130.15229,33.3155,0 130.15228,33.31547,0 130.15228,33.31543,0 130.15229,33.31543,0 130.1523,33.31538,0 130.15235,33.31526,0 130.15236,33.31521,0 130.1524,33.31512,0 130.15242,33.3151,0 130.15243,33.31508,0 130.15247,33.31505,0 130.15259,33.31498,0 130.15265,33.31492,0 130.15265,33.31491,0 130.15266,33.3149,0 130.15266,33.31483,0 130.15265,33.31482,0 130.15265,33.31481,0 130.15264,33.31479,0 130.15256,33.31473,0 130.15253,33.31473,0 130.1525,33.31472,0 130.15247,33.31472,0 130.15244,33.31473,0 130.15242,33.31473,0 130.15236,33.31475,0 130.15231,33.3148,0 130.1523,33.3148,0 130.15122,33.31571,0 130.15119,33.31575,0 130.15115,33.31583,0 130.15115,33.31592,0 130.15116,33.31594,0 130.15116,33.31595,0 130.15138,33.31628,0 130.15139,33.31632,0 130.15145,33.31647,0 130.15145,33.31649,0 130.15151,33.31662,0 130.15164,33.31676,0 130.15177,33.31683,0 130.15224,33.31701,0 130.15228,33.31702,0 130.15232,33.31704,0 130.15241,33.31712,0 130.15242,33.31714,0 130.15243,33.31715,0 130.15246,33.31722,0 130.15246,33.31724,0 130.15247,33.31727,0 130.15247,33.31732,0 130.15246,33.31737,0 130.15246,33.31744,0 130.15247,33.31745,0 130.15247,33.31746,0 130.15249,33.31753,0 130.15252,33.31758,0 130.15254,33.3176,0 130.15256,33.31763,0 130.15264,33.31769,0 130.15273,33.31774,0 130.15274,33.31774,0 130.15278,33.31776,0 130.15284,33.31778,0 130.1529,33.31779,0 130.15299,33.31784,0 130.15301,33.31787,0 130.15303,33.31788,0 130.15306,33.31792,0 130.15308,33.31796,0 130.15309,33.318,0 130.15309,33.31805,0 130.15308,33.31809,0 130.15304,33.31818,0 130.15301,33.31822,0 130.15298,33.31828,0 130.15295,33.31837,0 130.15295,33.31839,0 130.15294,33.31843,0 130.15294,33.31848,0 130.15296,33.31855,0 130.15299,33.3186,0 130.15301,33.31865,0 130.15307,33.31873,0 130.1531,33.31876,0 130.15313,33.31884,0 130.15313,33.31894,0 130.15311,33.31899,0 130.15309,33.31902,0 130.15303,33.31908,0 130.15296,33.31912,0 130.15195,33.31932,0 130.15185,33.31932,0 130.15179,33.31933,0 130.15159,33.31928,0 130.15136,33.31918,0 130.15135,33.31918,0 130.1513,33.31916,0 130.15127,33.31916,0 130.15125,33.31915,0 130.15122,33.31915,0 130.1512,33.31914,0 130.15112,33.31914,0 130.15104,33.31916,0 130.15097,33.31919,0 130.15099,33.31927,0 130.15099,33.31931,0 130.15098,33.31937,0 130.15098,33.31942,0 130.15094,33.31958,0 130.15089,33.31965,0 130.15084,33.31969,0 130.15069,33.31977,0 130.15041,33.31989,0 130.15035,33.31993,0 130.15033,33.31995,0 130.15033,33.31996,0 130.15032,33.31998,0 130.15032,33.32006,0 130.15034,33.32015,0 130.15036,33.32017,0 130.1506,33.32065,0 130.15066,33.32071,0 130.1507,33.32074,0 130.15092,33.32086,0 130.15096,33.32087,0 130.15111,33.32095,0 130.15114,33.32098,0 130.1512,33.32109,0 130.15123,33.32128,0 130.15129,33.32149,0 130.15131,33.32153,0 130.15132,33.32158,0 130.15132,33.32167,0 130.15123,33.32202,0 130.15117,33.32219,0 130.15113,33.32236,0 130.15113,33.32247,0 130.15115,33.3225,0 130.15145,33.32275,0 130.1515,33.3228,0 130.15153,33.32287,0 130.15167,33.32311,0 130.15183,33.32343,0 130.15184,33.32344,0 130.15186,33.32348,0 130.15188,33.32354,0 130.15188,33.32357,0 130.15187,33.32361,0 130.15187,33.32362,0 130.15184,33.32369,0 130.15181,33.32379,0 130.15169,33.32385,0 130.15168,33.32386,0 130.15166,33.32386,0 130.15164,33.32388,0 130.15159,33.32391,0 130.15154,33.32399,0 130.15154,33.324,0 130.15153,33.32403,0 130.15153,33.32406,0 130.15151,33.32414,0 130.1515,33.32416,0 130.15149,33.32417,0 130.15147,33.32418,0 130.15146,33.32419,0 130.15139,33.32421,0 130.15132,33.32424,0 130.15131,33.32424,0 130.15128,33.32425,0 130.15124,33.32429,0 130.15094,33.32448,0 130.15078,33.32455,0 130.15062,33.3246,0 130.15053,33.3246,0 130.15046,33.32461,0 130.15029,33.32461,0 130.15024,33.32464,0 130.15019,33.32466,0 130.15017,33.32468,0 130.15013,33.32469,0 130.1501,33.32473,0 130.15008,33.32474,0 130.15006,33.32478,0 130.15002,33.32482,0 130.14996,33.32484,0 130.14986,33.32484,0 130.14982,33.32483,0 130.14972,33.32483,0 130.14965,33.32486,0 130.14959,33.3249,0 130.1495,33.32502,0 130.1495,33.32503,0 130.14947,33.3251,0 130.14944,33.32524,0 130.14944,33.32528,0 130.14945,33.32535,0 130.1495,33.32544,0 130.14955,33.32551,0 130.14963,33.32558,0 130.14983,33.32568,0 130.14994,33.3257,0 130.14997,33.3257,0 130.15006,33.32574,0 130.1501,33.32578,0 130.1501,33.3258,0 130.15011,33.32581,0 130.15011,33.32583,0 130.15012,33.32586,0 130.15012,33.32589,0 130.15009,33.32597,0 130.15004,33.32603,0 130.15002,33.32607,0 130.15002,33.32614,0 130.15003,33.32615,0 130.15008,33.32625,0 130.15009,33.32631,0 130.1501,33.32631,0 130.15011,33.32636,0 130.15011,33.32644,0 130.1501,33.32647,0 130.1501,33.32649,0 130.15009,33.3265,0 130.15009,33.32652,0 130.15008,33.32655,0 130.15008,33.32656,0 130.15009,33.32658,0 130.15009,33.32659,0 130.15012,33.32662,0 130.15016,33.32664,0 130.15017,33.32665,0 130.15021,33.32666,0 130.15027,33.32671,0 130.15028,33.32674,0 130.15029,33.32675,0 130.15029,33.32688,0 130.15028,33.32694,0 130.15028,33.32698,0 130.15029,33.327,0 130.15031,33.32702,0 130.1504,33.32707,0 130.15041,33.32708,0 130.15053,33.32716,0 130.15055,33.32718,0 130.15055,33.32719,0 130.15056,33.3272,0 130.15055,33.32735,0 130.1505,33.32756,0 130.15049,33.32757,0 130.15048,33.32762,0 130.15045,33.32767,0 130.15041,33.32772,0 130.15041,33.32773,0 130.15035,33.32781,0 130.15034,33.32783,0 130.15034,33.32788,0 130.15035,33.3279,0 130.15039,33.32794,0 130.15059,33.32804,0 130.1506,33.32806,0 130.15062,33.32808,0 130.15064,33.32812,0 130.15065,33.32839,0 130.15064,33.32841,0 130.15064,33.32843,0 130.15063,33.32848,0 130.15062,33.32848,0 130.15057,33.3286,0 130.15052,33.32869,0 130.1505,33.3287,0 130.15048,33.32872,0 130.15042,33.32876,0 130.1503,33.32881,0 130.15022,33.32888,0 130.15021,33.32888,0 130.15006,33.32909,0 130.15002,33.32919,0 130.15002,33.32922,0 130.15,33.32929,0 130.14998,33.32943,0 130.14993,33.3296,0 130.14987,33.32971,0 130.14987,33.32972,0 130.14983,33.32979,0 130.14972,33.32994,0 130.14967,33.33003,0 130.14964,33.33011,0 130.14962,33.33019,0 130.14961,33.33021,0 130.14959,33.33028,0 130.14955,33.33037,0 130.1495,33.33042,0 130.14938,33.33049,0 130.14936,33.33051,0 130.14933,33.33057,0 130.14933,33.3306,0 130.14934,33.33062,0 130.14934,33.33063,0 130.14938,33.33065,0 130.14944,33.33065,0 130.14948,33.33063,0 130.14954,33.33061,0 130.14964,33.33054,0 130.14967,33.33051,0 130.14979,33.33027,0 130.14982,33.33024,0 130.14987,33.33021,0 130.1499,33.3302,0 130.14992,33.3302,0 130.14997,33.33022,0 130.14999,33.33024,0 130.14999,33.33026,0 130.15,33.33028,0 130.15,33.33032,0 130.14999,33.33035,0 130.14998,33.33035,0 130.14997,33.33037,0 130.14995,33.33039,0 130.14992,33.33041,0 130.1499,33.33044,0 130.14988,33.33046,0 130.14986,33.3305,0 130.14985,33.3305,0 130.14974,33.33068,0 130.14966,33.33088,0 130.14966,33.33094,0 130.14968,33.331,0 130.14969,33.33101,0 130.14975,33.33112,0 130.14976,33.33115,0 130.14976,33.33123,0 130.14974,33.33126,0 130.14972,33.33128,0 130.1497,33.33131,0 130.14968,33.33132,0 130.14968,33.33133,0 130.14966,33.33134,0 130.14965,33.33135,0 130.1496,33.33135,0 130.1494,33.33131,0 130.14934,33.33131,0 130.14914,33.33134,0 130.14905,33.33134,0 130.14902,33.33133,0 130.14894,33.33129,0 130.14886,33.33121,0 130.14879,33.33108,0 130.14879,33.33107,0 130.14868,33.33086,0 130.14861,33.33076,0 130.1486,33.33076,0 130.14858,33.33075,0 130.14857,33.33074,0 130.14852,33.33074,0 130.1485,33.33075,0 130.14849,33.33075,0 130.14848,33.33076,0 130.14847,33.33078,0 130.14844,33.33082,0 130.14843,33.33082,0 130.14831,33.3311,0 130.14824,33.33121,0 130.1482,33.33126,0 130.14784,33.33154,0 130.14778,33.33156,0 130.14769,33.33156,0 130.14758,33.33153,0 130.14749,33.33153,0 130.14742,33.33156,0 130.14739,33.33159,0 130.14738,33.33161,0 130.14738,33.33165,0 130.1474,33.3317,0 130.14743,33.33173,0 130.14745,33.33174,0 130.14746,33.33175,0 130.14747,33.33175,0 130.1478,33.3319,0 130.14786,33.33196,0 130.14786,33.33206,0 130.14785,33.33207,0 130.14783,33.33208,0 130.14782,33.33209,0 130.1478,33.3321,0 130.14762,33.33214,0 130.14758,33.33214,0 130.14753,33.33215,0 130.1474,33.33221,0 130.14735,33.33226,0 130.14711,33.33243,0 130.14709,33.33244,0 130.14708,33.33244,0 130.14705,33.33245,0 130.14697,33.33245,0 130.14691,33.33244,0 130.14688,33.33244,0 130.14686,33.33243,0 130.14652,33.33233,0 130.14645,33.33229,0 130.14639,33.33222,0 130.14638,33.33218,0 130.14637,33.33216,0 130.14637,33.33213,0 130.14632,33.33194,0 130.14623,33.33179,0 130.14617,33.33175,0 130.14608,33.33172,0 130.14595,33.33172,0 130.14589,33.33173,0 130.14583,33.33175,0 130.14576,33.33176,0 130.14568,33.3318,0 130.14567,33.33181,0 130.1455,33.33191,0 130.14549,33.33191,0 130.14531,33.33201,0 130.14518,33.33203,0 130.14513,33.33203,0 130.14502,33.33201,0 130.14501,33.332,0 130.14483,33.33193,0 130.14479,33.33193,0 130.14476,33.33194,0 130.14471,33.33197,0 130.14469,33.33199,0 130.14467,33.33203,0 130.14467,33.33206,0 130.14469,33.3321,0 130.1447,33.33211,0 130.14472,33.33212,0 130.14476,33.33213,0 130.145,33.33216,0 130.14521,33.33221,0 130.14525,33.33221,0 130.14528,33.3322,0 130.14563,33.33216,0 130.14574,33.33216,0 130.14584,33.3322,0 130.14586,33.33222,0 130.14587,33.33224,0 130.14587,33.33225,0 130.14588,33.33226,0 130.14588,33.33232,0 130.14587,33.33234,0 130.14586,33.33235,0 130.14582,33.33237,0 130.1458,33.33237,0 130.14578,33.33238,0 130.14576,33.33238,0 130.14573,33.33237,0 130.14557,33.33234,0 130.14554,33.33234,0 130.14547,33.33236,0 130.14545,33.33236,0 130.14542,33.33239,0 130.14542,33.3324,0 130.14541,33.33243,0 130.14549,33.33244,0 130.14556,33.33246,0 130.1456,33.33249,0 130.14561,33.33249,0 130.14562,33.3325,0 130.14563,33.33252,0 130.14563,33.33259,0 130.1456,33.33264,0 130.14553,33.33267,0 130.14549,33.33267,0 130.14543,33.33268,0 130.14536,33.33267,0 130.14529,33.33267,0 130.14523,33.33265,0 130.14517,33.33264,0 130.1449,33.33256,0 130.14476,33.33254,0 130.14449,33.33254,0 130.14439,33.33252,0 130.14428,33.33251,0 130.14407,33.33246,0 130.1438,33.33237,0 130.14366,33.33235,0 130.14347,33.33235,0 130.14342,33.33233,0 130.14341,33.33233,0 130.1434,33.33232,0 130.14338,33.33231,0 130.14336,33.33229,0 130.14336,33.33228,0 130.14335,33.33226,0 130.14335,33.33222,0 130.14338,33.33217,0 130.14338,33.33216,0 130.14359,33.33198,0 130.14365,33.3319,0 130.14367,33.33167,0 130.14372,33.33158,0 130.1439,33.33138,0 130.14395,33.33128,0 130.14396,33.33124,0 130.14394,33.33112,0 130.1439,33.33104,0 130.14384,33.33088,0 130.14375,33.33077,0 130.14369,33.33072,0 130.14363,33.33069,0 130.14356,33.33067,0 130.14317,33.33062,0 130.14308,33.33058,0 130.14303,33.33051,0 130.14302,33.33047,0 130.143,33.33043,0 130.14296,33.33039,0 130.14293,33.33038,0 130.14281,33.33032,0 130.14263,33.33025,0 130.14252,33.33023,0 130.14247,33.33024,0 130.14244,33.33024,0 130.14233,33.33027,0 130.14211,33.33029,0 130.14206,33.33028,0 130.14202,33.33028,0 130.14192,33.33026,0 130.14188,33.33026,0 130.14186,33.33027,0 130.14183,33.33027,0 130.14181,33.33029,0 130.1418,33.33032,0 130.14179,33.33032,0 130.14179,33.3304,0 130.1418,33.33042,0 130.14183,33.33045,0 130.14187,33.33047,0 130.14188,33.33048,0 130.14191,33.33048,0 130.14196,33.33049,0 130.14205,33.33048,0 130.14207,33.33047,0 130.14219,33.33045,0 130.14228,33.33045,0 130.14241,33.33049,0 130.14245,33.33052,0 130.14247,33.33053,0 130.14255,33.3306,0 130.14261,33.33067,0 130.14273,33.33084,0 130.14283,33.33105,0 130.14289,33.33115,0 130.14291,33.33133,0 130.1429,33.33134,0 130.14287,33.33162,0 130.14283,33.33173,0 130.1428,33.33175,0 130.14279,33.33177,0 130.14277,33.33178,0 130.14274,33.33178,0 130.14273,33.33179,0 130.14272,33.33179,0 130.14268,33.33177,0 130.14265,33.33174,0 130.14262,33.33169,0 130.14261,33.33163,0 130.14261,33.33153,0 130.14262,33.33146,0 130.14262,33.33141,0 130.1426,33.33137,0 130.14249,33.33128,0 130.14242,33.33125,0 130.14238,33.33124,0 130.14227,33.33124,0 130.14224,33.33125,0 130.14219,33.33125,0 130.14166,33.33141,0 130.14156,33.33143,0 130.14136,33.33143,0 130.14116,33.33137,0 130.14107,33.33137,0 130.14103,33.33139,0 130.14099,33.33145,0 130.14099,33.3315,0 130.14101,33.33152,0 130.14103,33.33153,0 130.14112,33.33155,0 130.14116,33.33155,0 130.14144,33.3316,0 130.14164,33.33165,0 130.14172,33.33168,0 130.14176,33.33171,0 130.1418,33.33175,0 130.14182,33.33181,0 130.14182,33.33186,0 130.1418,33.33191,0 130.14169,33.33203,0 130.14167,33.33204,0 130.14165,33.33204,0 130.14162,33.33205,0 130.14158,33.33205,0 130.14154,33.33203,0 130.14152,33.33201,0 130.14149,33.33196,0 130.14149,33.33195,0 130.14146,33.33189,0 130.14141,33.33184,0 130.14138,33.33182,0 130.14127,33.33179,0 130.14107,33.33183,0 130.14098,33.33186,0 130.14097,33.33186,0 130.14089,33.3319,0 130.1408,33.33198,0 130.1408,33.33199,0 130.1407,33.33212,0 130.14065,33.33217,0 130.14061,33.3322,0 130.14052,33.33224,0 130.14045,33.33226,0 130.1399,33.33229,0 130.13988,33.33228,0 130.13985,33.33228,0 130.1398,33.33227,0 130.13972,33.33223,0 130.13964,33.33217,0 130.13958,33.33207,0 130.13954,33.33202,0 130.13947,33.33197,0 130.13936,33.33191,0 130.13925,33.33187,0 130.13922,33.33185,0 130.13921,33.33185,0 130.13916,33.33182,0 130.13906,33.33174,0 130.13904,33.33173,0 130.13874,33.33151,0 130.13873,33.33151,0 130.13864,33.33146,0 130.13854,33.33144,0 130.13853,33.33143,0 130.13842,33.33143,0 130.13833,33.33145,0 130.13816,33.33145,0 130.13803,33.33141,0 130.13796,33.33137,0 130.13783,33.33125,0 130.13765,33.33113,0 130.13736,33.33098,0 130.1373,33.33096,0 130.13724,33.33095,0 130.13722,33.33094,0 130.13709,33.33094,0 130.13699,33.33095,0 130.13682,33.33099,0 130.13675,33.33103,0 130.13669,33.33109,0 130.13668,33.33111,0 130.13666,33.3312,0 130.13666,33.33127,0 130.13667,33.3313,0 130.13667,33.33132,0 130.13669,33.33137,0 130.1367,33.33143,0 130.1367,33.33154,0 130.13668,33.33162,0 130.13666,33.33167,0 130.13659,33.3318,0 130.13657,33.33185,0 130.13655,33.33193,0 130.13651,33.33225,0 130.13651,33.33247,0 130.13648,33.33255,0 130.13639,33.33264,0 130.13624,33.33283,0 130.13624,33.33284,0 130.1362,33.3329,0 130.13617,33.333,0 130.13617,33.33305,0 130.13622,33.33328,0 130.13622,33.33331,0 
					</coordinates>
				</LineString>
			</Placemark>
			<Placemark>
				<name>SS1/4 Tenzan W TC</name>
				<visibility>0</visibility>
				<styleUrl>#msn_1_TC2</styleUrl>
				<Point>
					<coordinates>130.137693,33.331112,0</coordinates>
				</Point>
			</Placemark>
			<Placemark>
				<name>SS1/4 Tenzan W Start</name>
				<visibility>0</visibility>
				<styleUrl>#msn_2_Start1</styleUrl>
				<Point>
					<coordinates>130.136248,33.333282,0</coordinates>
				</Point>
			</Placemark>
			<Placemark>
				<name>TenzanW RP2</name>
				<visibility>0</visibility>
				<LookAt>
					<longitude>130.1363110508039</longitude>
					<latitude>33.348612586157</latitude>
					<altitude>0</altitude>
					<heading>-0.002699780643790026</heading>
					<tilt>6.996416422476462</tilt>
					<range>783.4595716671689</range>
					<gx:altitudeMode>relativeToSeaFloor</gx:altitudeMode>
				</LookAt>
				<styleUrl>#msn_5_RP4</styleUrl>
				<Point>
					<gx:drawOrder>1</gx:drawOrder>
					<coordinates>130.135129,33.347982,0</coordinates>
				</Point>
			</Placemark>
			<Placemark>
				<name>TenzanW RP3</name>
				<visibility>0</visibility>
				<LookAt>
					<longitude>130.1590966180692</longitude>
					<latitude>33.35349558052746</latitude>
					<altitude>0</altitude>
					<heading>-0.05104522841610701</heading>
					<tilt>23.2936224016521</tilt>
					<range>5296.983597547653</range>
					<gx:altitudeMode>relativeToSeaFloor</gx:altitudeMode>
				</LookAt>
				<styleUrl>#msn_5_RP4</styleUrl>
				<Point>
					<gx:drawOrder>1</gx:drawOrder>
					<coordinates>130.150849,33.346497,0</coordinates>
				</Point>
			</Placemark>
			<Placemark>
				<name>SS1/4 Tenzan W FF</name>
				<visibility>0</visibility>
				<LookAt>
					<longitude>130.1678184670663</longitude>
					<latitude>33.34173819586048</latitude>
					<altitude>0</altitude>
					<heading>0.03217939656527408</heading>
					<tilt>0.0297762889092982</tilt>
					<range>1006.547788258471</range>
					<gx:altitudeMode>relativeToSeaFloor</gx:altitudeMode>
				</LookAt>
				<styleUrl>#msn_3_FF2</styleUrl>
				<Point>
					<gx:drawOrder>1</gx:drawOrder>
					<coordinates>130.174195,33.341879,0</coordinates>
				</Point>
			</Placemark>
			<Placemark>
				<name>SS1/4 Tenzan W Stop</name>
				<visibility>0</visibility>
				<styleUrl>#msn_4_Stop6</styleUrl>
				<Point>
					<coordinates>130.17567,33.340429,0</coordinates>
				</Point>
			</Placemark>
			<Placemark>
				<name>SS1/4 Tenzan W</name>
				<visibility>0</visibility>
				<styleUrl>#line-1267FF-5000-nodesc2</styleUrl>
				<LineString>
					<tessellate>1</tessellate>
					<coordinates>
						130.13622,33.33331,0 130.13623,33.33333,0 130.13623,33.33351,0 130.13622,33.33355,0 130.13622,33.33365,0 130.13623,33.33371,0 130.13624,33.33373,0 130.13624,33.33375,0 130.13631,33.33384,0 130.13636,33.33387,0 130.1364,33.33391,0 130.13652,33.33399,0 130.13657,33.33404,0 130.13661,33.3341,0 130.13663,33.33417,0 130.13663,33.33421,0 130.13662,33.33422,0 130.13662,33.33425,0 130.13661,33.33428,0 130.13657,33.33434,0 130.13653,33.33438,0 130.1364,33.33445,0 130.13634,33.3345,0 130.13616,33.33475,0 130.13606,33.33483,0 130.13592,33.33488,0 130.13571,33.33493,0 130.13569,33.33493,0 130.13533,33.33508,0 130.13515,33.33522,0 130.13512,33.33526,0 130.13508,33.33539,0 130.13508,33.33548,0 130.13546,33.33631,0 130.13557,33.33646,0 130.13575,33.33661,0 130.13587,33.33674,0 130.13597,33.33682,0 130.13622,33.33694,0 130.13627,33.33701,0 130.13629,33.33706,0 130.13629,33.33715,0 130.13623,33.33734,0 130.13623,33.33737,0 130.13612,33.33767,0 130.13605,33.3378,0 130.13601,33.33785,0 130.13599,33.33786,0 130.1354,33.33842,0 130.13531,33.33847,0 130.13465,33.33872,0 130.13464,33.33872,0 130.13452,33.33878,0 130.13445,33.33884,0 130.13441,33.33892,0 130.13441,33.33896,0 130.13442,33.33898,0 130.13442,33.33901,0 130.13444,33.33905,0 130.13451,33.33911,0 130.13458,33.33915,0 130.13493,33.33927,0 130.13507,33.33934,0 130.1351,33.33937,0 130.13512,33.33938,0 130.13519,33.33945,0 130.13559,33.33976,0 130.13569,33.33981,0 130.13625,33.33999,0 130.13631,33.34002,0 130.13655,33.34019,0 130.13664,33.34029,0 130.13664,33.3403,0 130.13667,33.34035,0 130.13678,33.34044,0 130.13692,33.3405,0 130.13704,33.34053,0 130.13716,33.34052,0 130.13718,33.3405,0 130.13734,33.34045,0 130.13746,33.34045,0 130.13785,33.34058,0 130.13788,33.34061,0 130.13843,33.34098,0 130.13873,33.34114,0 130.13884,33.34118,0 130.13942,33.34148,0 130.1395,33.34154,0 130.13954,33.34159,0 130.13954,33.3416,0 130.13956,33.34163,0 130.13957,33.34167,0 130.13957,33.34171,0 130.13958,33.34172,0 130.13958,33.3418,0 130.13957,33.34183,0 130.13957,33.34186,0 130.13958,33.34189,0 130.13958,33.34191,0 130.13961,33.34196,0 130.13971,33.34201,0 130.13994,33.34207,0 130.14004,33.34211,0 130.14012,33.34217,0 130.14018,33.34224,0 130.14025,33.3424,0 130.14031,33.34246,0 130.14034,33.34248,0 130.14039,33.34249,0 130.1404,33.3425,0 130.1405,33.3425,0 130.14054,33.34249,0 130.14065,33.34249,0 130.14076,33.34252,0 130.14081,33.34256,0 130.14116,33.34276,0 130.14117,33.34276,0 130.14126,33.34283,0 130.14127,33.34285,0 130.14127,33.34293,0 130.14126,33.34297,0 130.14124,33.34299,0 130.14122,33.34303,0 130.14108,33.34319,0 130.14102,33.34328,0 130.14098,33.34342,0 130.14099,33.34346,0 130.14109,33.34361,0 130.1411,33.34364,0 130.1411,33.34368,0 130.14109,33.34371,0 130.14102,33.34382,0 130.14095,33.34411,0 130.14092,33.34416,0 130.14085,33.34422,0 130.14081,33.34432,0 130.14081,33.34437,0 130.14084,33.34442,0 130.14063,33.34459,0 130.14058,33.34461,0 130.14051,33.34462,0 130.1403,33.34462,0 130.14025,33.34463,0 130.14011,33.34471,0 130.14002,33.34479,0 130.13992,33.34492,0 130.13988,33.34501,0 130.13982,33.34505,0 130.1397,33.34505,0 130.13956,33.34501,0 130.13956,33.345,0 130.13938,33.34494,0 130.13932,33.34494,0 130.13915,33.34497,0 130.1391,33.34499,0 130.13901,33.34506,0 130.13879,33.34532,0 130.13873,33.34546,0 130.1386,33.34591,0 130.13858,33.34595,0 130.13857,33.346,0 130.13853,33.34605,0 130.13851,33.34606,0 130.13839,33.34606,0 130.13709,33.34574,0 130.137,33.34573,0 130.13697,33.34574,0 130.13695,33.34574,0 130.13691,33.34576,0 130.13688,33.34581,0 130.13688,33.34588,0 130.13685,33.34605,0 130.1368,33.34611,0 130.13675,33.34614,0 130.13664,33.34615,0 130.13644,33.34612,0 130.13616,33.34605,0 130.13598,33.34604,0 130.13588,33.34606,0 130.13578,33.3461,0 130.13573,33.34614,0 130.13572,33.34614,0 130.13571,33.34616,0 130.13569,33.34618,0 130.13568,33.34622,0 130.1357,33.34653,0 130.13566,33.3466,0 130.13549,33.34664,0 130.13542,33.34664,0 130.13534,33.34667,0 130.1353,33.3467,0 130.13528,33.34673,0 130.13527,33.34676,0 130.13527,33.34678,0 130.13538,33.34708,0 130.13538,33.34711,0 130.13537,33.34714,0 130.13537,33.34716,0 130.13535,33.34719,0 130.13528,33.34726,0 130.13524,33.34728,0 130.13524,33.34729,0 130.13521,33.3473,0 130.13504,33.34732,0 130.13504,33.34733,0 130.13501,33.34734,0 130.13488,33.34745,0 130.13484,33.34751,0 130.13482,33.34757,0 130.13481,33.34768,0 130.13482,33.34771,0 130.1349,33.34782,0 130.13506,33.34792,0 130.13513,33.34798,0 130.13515,33.34804,0 130.1353,33.34816,0 130.13535,33.34826,0 130.13544,33.34856,0 130.13544,33.34868,0 130.13542,33.34881,0 130.13541,33.34912,0 130.13542,33.34922,0 130.13546,33.34931,0 130.1355,33.34937,0 130.13558,33.34944,0 130.1357,33.3495,0 130.13583,33.34953,0 130.13589,33.34953,0 130.13591,33.34952,0 130.13602,33.34952,0 130.13623,33.34949,0 130.13632,33.34945,0 130.13653,33.34931,0 130.13665,33.34927,0 130.13682,33.34929,0 130.13692,33.34937,0 130.13704,33.34952,0 130.13714,33.34961,0 130.13725,33.34967,0 130.13821,33.34997,0 130.13875,33.35009,0 130.13883,33.35013,0 130.13889,33.35018,0 130.13896,33.3503,0 130.13898,33.35036,0 130.13898,33.35042,0 130.13895,33.35056,0 130.13889,33.35069,0 130.13885,33.35086,0 130.1389,33.35104,0 130.13934,33.35182,0 130.13943,33.35193,0 130.13949,33.35197,0 130.13959,33.352,0 130.13998,33.35204,0 130.14013,33.35207,0 130.14017,33.35209,0 130.14018,33.3521,0 130.14028,33.35215,0 130.14037,33.35225,0 130.14051,33.35246,0 130.14058,33.35253,0 130.14063,33.35255,0 130.1407,33.3526,0 130.14308,33.35339,0 130.14351,33.35344,0 130.14358,33.35346,0 130.14367,33.35347,0 130.14378,33.3535,0 130.14379,33.35351,0 130.14388,33.35354,0 130.14415,33.35371,0 130.14422,33.35377,0 130.14435,33.35393,0 130.14442,33.35404,0 130.14446,33.35414,0 130.14467,33.35514,0 130.14472,33.35524,0 130.1448,33.35533,0 130.14482,33.35534,0 130.14484,33.35537,0 130.14497,33.35547,0 130.14538,33.3557,0 130.14566,33.35589,0 130.14568,33.35594,0 130.14568,33.35595,0 130.1457,33.35598,0 130.14574,33.35608,0 130.14576,33.35622,0 130.14573,33.35634,0 130.14542,33.35696,0 130.14541,33.35696,0 130.14541,33.35697,0 130.14532,33.35713,0 130.14521,33.35726,0 130.14517,33.35733,0 130.14518,33.35749,0 130.14522,33.35768,0 130.14523,33.35781,0 130.14528,33.35803,0 130.14533,33.35809,0 130.14553,33.35812,0 130.14559,33.3581,0 130.14565,33.35805,0 130.1459,33.3574,0 130.14594,33.35733,0 130.14676,33.35662,0 130.14683,33.35658,0 130.14694,33.35656,0 130.14775,33.35679,0 130.14804,33.35684,0 130.14852,33.3565,0 130.14857,33.35645,0 130.14864,33.35634,0 130.14872,33.35615,0 130.14873,33.35614,0 130.14874,33.3561,0 130.14892,33.3557,0 130.14902,33.35558,0 130.14913,33.35553,0 130.14919,33.35547,0 130.1492,33.35547,0 130.14928,33.35539,0 130.14933,33.35532,0 130.14933,33.35528,0 130.14926,33.35492,0 130.14926,33.35487,0 130.1493,33.35479,0 130.14947,33.35471,0 130.14949,33.35469,0 130.14958,33.35465,0 130.14964,33.3546,0 130.14969,33.35452,0 130.14972,33.35449,0 130.14973,33.35447,0 130.14977,33.35443,0 130.14983,33.35439,0 130.1499,33.35432,0 130.14994,33.35423,0 130.14994,33.35414,0 130.14991,33.35402,0 130.14984,33.35391,0 130.14971,33.3535,0 130.14971,33.35343,0 130.14973,33.35339,0 130.14974,33.35338,0 130.14975,33.35338,0 130.14979,33.35336,0 130.14986,33.35335,0 130.15014,33.35337,0 130.15021,33.35339,0 130.1503,33.35309,0 130.1503,33.35301,0 130.15032,33.35288,0 130.15034,33.35285,0 130.15044,33.35279,0 130.15058,33.35274,0 130.15066,33.35274,0 130.15121,33.35289,0 130.15135,33.35289,0 130.15138,33.35287,0 130.15141,33.35283,0 130.15145,33.35266,0 130.15146,33.35264,0 130.15149,33.35262,0 130.1515,33.35262,0 130.15151,33.35261,0 130.15176,33.35256,0 130.1518,33.35253,0 130.15182,33.3525,0 130.15184,33.35235,0 130.15186,33.35232,0 130.1519,33.35229,0 130.15198,33.35226,0 130.15294,33.35208,0 130.15295,33.35207,0 130.15307,33.35204,0 130.15346,33.35189,0 130.15353,33.35182,0 130.15359,33.35149,0 130.1536,33.35148,0 130.1536,33.35146,0 130.15363,33.35138,0 130.15367,33.35132,0 130.15372,33.35127,0 130.15382,33.35121,0 130.15413,33.35113,0 130.15416,33.35111,0 130.1542,33.35105,0 130.1542,33.351,0 130.15415,33.3509,0 130.15415,33.35089,0 130.15414,33.35088,0 130.15413,33.35085,0 130.15413,33.3508,0 130.15416,33.35071,0 130.15417,33.35071,0 130.15434,33.35052,0 130.15449,33.35027,0 130.15452,33.35019,0 130.15452,33.35007,0 130.15448,33.34998,0 130.15443,33.34991,0 130.15442,33.34991,0 130.15437,33.34977,0 130.15437,33.34968,0 130.15442,33.34947,0 130.15444,33.34928,0 130.15443,33.34924,0 130.15441,33.34922,0 130.15441,33.34921,0 130.15431,33.34913,0 130.15412,33.34903,0 130.15406,33.34901,0 130.15379,33.34899,0 130.15373,33.34897,0 130.15368,33.34893,0 130.15367,33.34891,0 130.15367,33.3489,0 130.15365,33.34886,0 130.15363,33.34847,0 130.1536,33.34838,0 130.15359,33.34837,0 130.15358,33.34833,0 130.15352,33.34824,0 130.15349,33.34821,0 130.15348,33.34821,0 130.15337,33.34815,0 130.1533,33.34814,0 130.15328,33.34815,0 130.15325,33.34815,0 130.15283,33.34841,0 130.15279,33.34842,0 130.15273,33.34842,0 130.1527,33.34841,0 130.15263,33.34834,0 130.15259,33.34832,0 130.15258,33.34831,0 130.15253,33.34829,0 130.15248,33.34829,0 130.15207,33.34842,0 130.15199,33.34843,0 130.15195,33.34841,0 130.15186,33.34832,0 130.15172,33.34825,0 130.15165,33.34824,0 130.15145,33.34829,0 130.15135,33.34828,0 130.1513,33.34825,0 130.15128,33.34823,0 130.15126,33.34815,0 130.15127,33.34804,0 130.1513,33.34796,0 130.15134,33.3479,0 130.15142,33.34782,0 130.15161,33.34769,0 130.15165,33.34764,0 130.15172,33.3475,0 130.15172,33.34738,0 130.15167,33.34717,0 130.15164,33.34693,0 130.15162,33.34686,0 130.1516,33.34683,0 130.1515,33.34677,0 130.15128,33.34672,0 130.15088,33.34669,0 130.15087,33.34668,0 130.15082,33.34667,0 130.15077,33.34654,0 130.15081,33.34627,0 130.15092,33.34614,0 130.151,33.3461,0 130.1511,33.34609,0 130.15129,33.3461,0 130.15162,33.34615,0 130.15172,33.34615,0 130.15176,33.34614,0 130.15181,33.3461,0 130.15189,33.34601,0 130.15193,33.34599,0 130.15199,33.34598,0 130.15235,33.34605,0 130.15254,33.34613,0 130.1528,33.34628,0 130.15291,33.34632,0 130.15307,33.34635,0 130.1532,33.34634,0 130.15328,33.3463,0 130.1533,33.34627,0 130.15344,33.34613,0 130.15348,33.34607,0 130.15352,33.34596,0 130.15354,33.34583,0 130.15356,33.34579,0 130.1536,33.34575,0 130.15365,33.34572,0 130.15371,33.34565,0 130.15372,33.34561,0 130.15371,33.34552,0 130.15366,33.34542,0 130.15342,33.34514,0 130.15339,33.34504,0 130.15339,33.34497,0 130.15341,33.34491,0 130.15344,33.34486,0 130.15346,33.34484,0 130.15366,33.3448,0 130.15385,33.34472,0 130.15401,33.34462,0 130.15402,33.34462,0 130.15403,33.34461,0 130.15408,33.34461,0 130.15418,33.34463,0 130.15423,33.34465,0 130.15426,33.34465,0 130.15443,33.34469,0 130.15448,33.34469,0 130.15472,33.34465,0 130.15498,33.34465,0 130.15503,33.34463,0 130.15509,33.34459,0 130.15515,33.34453,0 130.15523,33.34428,0 130.15524,33.34428,0 130.15528,33.34411,0 130.15529,33.3441,0 130.15532,33.34404,0 130.15536,33.344,0 130.1555,33.34398,0 130.1556,33.34399,0 130.15564,33.34401,0 130.15572,33.34403,0 130.15582,33.34409,0 130.15588,33.34415,0 130.15593,33.34422,0 130.15599,33.34435,0 130.15603,33.34448,0 130.15606,33.34474,0 130.15619,33.34492,0 130.15627,33.34497,0 130.15632,33.34498,0 130.15638,33.34498,0 130.15648,33.34495,0 130.15659,33.34496,0 130.15669,33.34501,0 130.15698,33.3451,0 130.15699,33.34511,0 130.15712,33.34513,0 130.1572,33.34513,0 130.15731,33.34509,0 130.15747,33.34499,0 130.15765,33.34497,0 130.15768,33.34498,0 130.1577,33.34498,0 130.15772,33.34499,0 130.15778,33.34506,0 130.15781,33.34516,0 130.15786,33.34523,0 130.15797,33.34533,0 130.15805,33.34537,0 130.15828,33.34537,0 130.15829,33.34536,0 130.15833,33.34535,0 130.15839,33.34532,0 130.15866,33.34498,0 130.15873,33.34492,0 130.15881,33.34481,0 130.15882,33.34465,0 130.15885,33.34457,0 130.15895,33.34448,0 130.15897,33.34447,0 130.1591,33.34436,0 130.15919,33.3442,0 130.1592,33.3442,0 130.15929,33.34403,0 130.15935,33.34397,0 130.15939,33.34395,0 130.15946,33.34394,0 130.15947,33.34393,0 130.15972,33.34397,0 130.15977,33.34397,0 130.15987,33.34395,0 130.15996,33.3439,0 130.16,33.34389,0 130.16014,33.34389,0 130.16024,33.34385,0 130.1603,33.34378,0 130.16036,33.34366,0 130.1604,33.34362,0 130.16056,33.34337,0 130.1605,33.34318,0 130.1605,33.34307,0 130.16053,33.34302,0 130.16061,33.34297,0 130.16064,33.34296,0 130.16067,33.34296,0 130.16076,33.34298,0 130.1611,33.34311,0 130.16123,33.34312,0 130.16127,33.3431,0 130.1613,33.34307,0 130.16131,33.34307,0 130.16148,33.34276,0 130.1615,33.34275,0 130.16156,33.34269,0 130.16163,33.34267,0 130.16167,33.34267,0 130.16168,33.34268,0 130.1617,33.34268,0 130.16193,33.34281,0 130.16203,33.34281,0 130.16205,33.3428,0 130.16214,33.34271,0 130.16218,33.34265,0 130.16232,33.34256,0 130.16237,33.34254,0 130.16245,33.34253,0 130.1625,33.34255,0 130.1625,33.34256,0 130.16267,33.34298,0 130.16272,33.34304,0 130.16274,33.34305,0 130.16275,33.34305,0 130.16279,33.34307,0 130.16286,33.34307,0 130.16295,33.34304,0 130.16298,33.34304,0 130.16307,33.34301,0 130.16316,33.34301,0 130.16328,33.34304,0 130.16337,33.34302,0 130.16351,33.34296,0 130.16355,33.34293,0 130.16383,33.34285,0 130.16395,33.34283,0 130.16411,33.34284,0 130.16414,33.34286,0 130.1642,33.34293,0 130.1643,33.34314,0 130.16434,33.34318,0 130.16435,33.3432,0 130.16437,33.34321,0 130.16443,33.34321,0 130.16455,33.34316,0 130.16456,33.34315,0 130.1647,33.34309,0 130.16477,33.34304,0 130.16488,33.3429,0 130.16492,33.34276,0 130.16497,33.34239,0 130.165,33.34233,0 130.16509,33.34225,0 130.16519,33.34221,0 130.16529,33.34222,0 130.16537,33.34227,0 130.16545,33.34234,0 130.16549,33.34236,0 130.16577,33.34267,0 130.16582,33.3427,0 130.16593,33.34271,0 130.16603,33.34267,0 130.16608,33.34262,0 130.16614,33.34252,0 130.16627,33.34244,0 130.16629,33.34244,0 130.16639,33.34241,0 130.16645,33.34237,0 130.16652,33.34228,0 130.16661,33.3421,0 130.1667,33.34201,0 130.16676,33.34197,0 130.16682,33.34195,0 130.1669,33.34195,0 130.16702,33.342,0 130.16707,33.34206,0 130.16715,33.34224,0 130.16727,33.34232,0 130.16734,33.34232,0 130.16752,33.34228,0 130.16763,33.34229,0 130.16766,33.3423,0 130.16773,33.34227,0 130.16775,33.34225,0 130.16778,33.3422,0 130.16778,33.34216,0 130.16777,33.34214,0 130.16777,33.34212,0 130.16772,33.34201,0 130.16771,33.34192,0 130.16772,33.34185,0 130.16775,33.34179,0 130.16776,33.34179,0 130.1678,33.34176,0 130.16784,33.34175,0 130.1679,33.34175,0 130.16837,33.3419,0 130.16851,33.34191,0 130.16855,33.34189,0 130.16856,33.34189,0 130.16859,33.34185,0 130.1686,33.3418,0 130.1686,33.34169,0 130.16855,33.34156,0 130.16856,33.34144,0 130.16862,33.34137,0 130.16867,33.34134,0 130.16873,33.34132,0 130.16882,33.34131,0 130.16903,33.34134,0 130.16916,33.3413,0 130.16921,33.34127,0 130.16923,33.34125,0 130.16938,33.34121,0 130.16949,33.34121,0 130.16958,33.34123,0 130.16964,33.34126,0 130.16969,33.3413,0 130.16972,33.34137,0 130.16972,33.3415,0 130.16974,33.34162,0 130.16978,33.34167,0 130.16981,33.34174,0 130.16981,33.34177,0 130.16976,33.34196,0 130.16976,33.34199,0 130.16979,33.34204,0 130.16981,33.34206,0 130.16983,33.34207,0 130.16986,33.34207,0 130.1699,33.34208,0 130.16993,33.34208,0 130.17004,33.34204,0 130.17006,33.34204,0 130.17021,33.34197,0 130.17023,33.34195,0 130.17031,33.3419,0 130.17038,33.34183,0 130.17039,33.34183,0 130.17044,33.34177,0 130.17051,33.34174,0 130.17056,33.34173,0 130.17065,33.34174,0 130.17072,33.34177,0 130.17076,33.34182,0 130.17081,33.34197,0 130.17081,33.34199,0 130.17084,33.34204,0 130.17086,33.34206,0 130.17092,33.34208,0 130.17103,33.34207,0 130.1711,33.34203,0 130.17124,33.34192,0 130.17134,33.34181,0 130.17138,33.34173,0 130.17147,33.34161,0 130.17151,33.34159,0 130.1716,33.34159,0 130.17167,33.34164,0 130.17177,33.34184,0 130.17188,33.34216,0 130.17192,33.34223,0 130.17203,33.34232,0 130.17209,33.34235,0 130.17213,33.34236,0 130.17216,33.34236,0 130.1722,33.34235,0 130.17223,33.34233,0 130.17236,33.34219,0 130.17236,33.34218,0 130.17246,33.34212,0 130.17254,33.3421,0 130.1726,33.3421,0 130.17272,33.34213,0 130.17283,33.34214,0 130.17288,33.34212,0 130.17293,33.34207,0 130.17299,33.34197,0 130.17301,33.34183,0 130.17297,33.34173,0 130.17297,33.3417,0 130.17293,33.34155,0 130.17294,33.3415,0 130.173,33.34145,0 130.17306,33.34143,0 130.17311,33.34143,0 130.17317,33.34145,0 130.17341,33.34159,0 130.17366,33.34181,0 130.17371,33.34184,0 130.17383,33.34187,0 130.17396,33.34188,0 130.17399,33.34189,0 130.17417,33.34189,0 130.17427,33.34186,0 130.17435,33.34182,0 130.17446,33.34174,0 130.17458,33.34154,0 130.17459,33.34151,0 130.17459,33.3414,0 130.17456,33.34135,0 130.17456,33.34134,0 130.17452,33.34129,0 130.17451,33.34124,0 130.17452,33.34111,0 130.17449,33.34077,0 130.17451,33.34069,0 130.17456,33.34066,0 130.17463,33.34064,0 130.17477,33.34068,0 130.17492,33.3408,0 130.17493,33.3408,0 130.17505,33.34093,0 130.17507,33.34094,0 130.17511,33.34098,0 130.17522,33.34102,0 130.17527,33.34102,0 130.17535,33.34098,0 130.17537,33.34095,0 130.1754,33.34073,0 130.17541,33.34072,0 130.17549,33.34055,0 130.17557,33.34048,0 130.17565,33.34043,0 130.17567,33.34043,0 
					</coordinates>
				</LineString>
			</Placemark>
			<Placemark>
				<name>Liaison2</name>
				<visibility>0</visibility>
				<styleUrl>#line-1267FF-5000-nodesc5</styleUrl>
				<LineString>
					<tessellate>1</tessellate>
					<coordinates>
						130.17567,33.34043,0 130.17572,33.34041,0 130.17583,33.34039,0 130.17586,33.34039,0 130.17594,33.34039,0 130.17603,33.34037,0 130.17609,33.34035,0 130.17613,33.3403,0 130.17615,33.34025,0 130.17616,33.34021,0 130.17616,33.3402,0 130.17613,33.3401,0 130.17611,33.34003,0 130.17611,33.34,0 130.1761,33.33995,0 130.1761,33.3399,0 130.17611,33.33987,0 130.17612,33.33985,0 130.17613,33.33984,0 130.17616,33.33981,0 130.17628,33.33975,0 130.17629,33.33974,0 130.17641,33.33966,0 130.17646,33.33964,0 130.17649,33.33963,0 130.17653,33.33962,0 130.17659,33.33963,0 130.17665,33.33966,0 130.17666,33.33966,0 130.1767,33.33969,0 130.17673,33.33971,0 130.17676,33.33974,0 130.1768,33.33978,0 130.17681,33.33979,0 130.17682,33.3398,0 130.17683,33.3398,0 130.17685,33.33981,0 130.17688,33.33981,0 130.1769,33.33981,0 130.17692,33.33979,0 130.17698,33.33975,0 130.17698,33.33974,0 130.17704,33.33966,0 130.17709,33.33962,0 130.17712,33.3396,0 130.17712,33.33959,0 130.17717,33.33957,0 130.1772,33.33957,0 130.17723,33.33957,0 130.17731,33.33959,0 130.17732,33.33959,0 130.17736,33.3396,0 130.17741,33.33959,0 130.17753,33.33957,0 130.17768,33.33959,0 130.17774,33.33962,0 130.17777,33.33964,0 130.17785,33.33973,0 130.17788,33.33976,0 130.17789,33.33977,0 130.17793,33.33979,0 130.17798,33.3398,0 130.17808,33.33979,0 130.17818,33.33976,0 130.17823,33.33975,0 130.17829,33.33976,0 130.17834,33.33978,0 130.17842,33.33985,0 130.17846,33.33987,0 130.17848,33.33988,0 130.17855,33.33989,0 130.17866,33.33993,0 130.17873,33.33996,0 130.17881,33.33999,0 130.17886,33.34,0 130.17891,33.34001,0 130.179,33.34002,0 130.17907,33.34002,0 130.17911,33.34002,0 130.17921,33.34002,0 130.17928,33.34005,0 130.17931,33.34008,0 130.17933,33.34012,0 130.17935,33.34016,0 130.17936,33.34021,0 130.17936,33.34025,0 130.17934,33.34029,0 130.17929,33.34034,0 130.17927,33.34036,0 130.17918,33.34043,0 130.17915,33.34048,0 130.17915,33.34051,0 130.17915,33.34052,0 
					</coordinates>
				</LineString>
			</Placemark>
		</Folder>
		<Folder>
			<name>SS2,5 Tenza East</name>
			<visibility>0</visibility>
			<Placemark>
				<name>Liaison2</name>
				<visibility>0</visibility>
				<styleUrl>#line-1267FF-5000-nodesc5</styleUrl>
				<LineString>
					<tessellate>1</tessellate>
					<coordinates>
						130.17567,33.34043,0 130.17572,33.34041,0 130.17583,33.34039,0 130.17586,33.34039,0 130.17594,33.34039,0 130.17603,33.34037,0 130.17609,33.34035,0 130.17613,33.3403,0 130.17615,33.34025,0 130.17616,33.34021,0 130.17616,33.3402,0 130.17613,33.3401,0 130.17611,33.34003,0 130.17611,33.34,0 130.1761,33.33995,0 130.1761,33.3399,0 130.17611,33.33987,0 130.17612,33.33985,0 130.17613,33.33984,0 130.17616,33.33981,0 130.17628,33.33975,0 130.17629,33.33974,0 130.17641,33.33966,0 130.17646,33.33964,0 130.17649,33.33963,0 130.17653,33.33962,0 130.17659,33.33963,0 130.17665,33.33966,0 130.17666,33.33966,0 130.1767,33.33969,0 130.17673,33.33971,0 130.17676,33.33974,0 130.1768,33.33978,0 130.17681,33.33979,0 130.17682,33.3398,0 130.17683,33.3398,0 130.17685,33.33981,0 130.17688,33.33981,0 130.1769,33.33981,0 130.17692,33.33979,0 130.17698,33.33975,0 130.17698,33.33974,0 130.17704,33.33966,0 130.17709,33.33962,0 130.17712,33.3396,0 130.17712,33.33959,0 130.17717,33.33957,0 130.1772,33.33957,0 130.17723,33.33957,0 130.17731,33.33959,0 130.17732,33.33959,0 130.17736,33.3396,0 130.17741,33.33959,0 130.17753,33.33957,0 130.17768,33.33959,0 130.17774,33.33962,0 130.17777,33.33964,0 130.17785,33.33973,0 130.17788,33.33976,0 130.17789,33.33977,0 130.17793,33.33979,0 130.17798,33.3398,0 130.17808,33.33979,0 130.17818,33.33976,0 130.17823,33.33975,0 130.17829,33.33976,0 130.17834,33.33978,0 130.17842,33.33985,0 130.17846,33.33987,0 130.17848,33.33988,0 130.17855,33.33989,0 130.17866,33.33993,0 130.17873,33.33996,0 130.17881,33.33999,0 130.17886,33.34,0 130.17891,33.34001,0 130.179,33.34002,0 130.17907,33.34002,0 130.17911,33.34002,0 130.17921,33.34002,0 130.17928,33.34005,0 130.17931,33.34008,0 130.17933,33.34012,0 130.17935,33.34016,0 130.17936,33.34021,0 130.17936,33.34025,0 130.17934,33.34029,0 130.17929,33.34034,0 130.17927,33.34036,0 130.17918,33.34043,0 130.17915,33.34048,0 130.17915,33.34051,0 130.17915,33.34052,0 
					</coordinates>
				</LineString>
			</Placemark>
			<Placemark>
				<name>SS2/5 Tenzan E TC</name>
				<visibility>0</visibility>
				<styleUrl>#msn_1_TC7</styleUrl>
				<Point>
					<coordinates>130.178238,33.33976,0</coordinates>
				</Point>
			</Placemark>
			<Placemark>
				<name>SS2/5 Tenzan E Start</name>
				<visibility>0</visibility>
				<styleUrl>#msn_2_Start3</styleUrl>
				<Point>
					<coordinates>130.179129,33.340504,0</coordinates>
				</Point>
			</Placemark>
			<Placemark>
				<name>TenzanE RP2</name>
				<visibility>0</visibility>
				<LookAt>
					<longitude>130.2031845489264</longitude>
					<latitude>33.34689003610276</latitude>
					<altitude>0</altitude>
					<heading>0.0112383390879836</heading>
					<tilt>26.75369121033077</tilt>
					<range>257.802758280409</range>
					<gx:altitudeMode>relativeToSeaFloor</gx:altitudeMode>
				</LookAt>
				<styleUrl>#msn_26_Chevron6</styleUrl>
				<Point>
					<gx:drawOrder>1</gx:drawOrder>
					<coordinates>130.203355,33.346696,0</coordinates>
				</Point>
			</Placemark>
			<Placemark>
				<name>SS2/5 Tenzan E FF</name>
				<visibility>0</visibility>
				<styleUrl>#msn_3_FF9</styleUrl>
				<Point>
					<coordinates>130.217259,33.343801,0</coordinates>
				</Point>
			</Placemark>
			<Placemark>
				<name>SS2/5 Tenzan E Stop</name>
				<visibility>0</visibility>
				<styleUrl>#msn_4_Stop0</styleUrl>
				<Point>
					<coordinates>130.219706,33.344148,0</coordinates>
				</Point>
			</Placemark>
			<Placemark>
				<name>SS2/5 Tenzan E</name>
				<visibility>0</visibility>
				<styleUrl>#line-1267FF-5000-nodesc60</styleUrl>
				<LineString>
					<tessellate>1</tessellate>
					<coordinates>
						130.17915,33.34051,0 130.17916,33.34057,0 130.17922,33.34074,0 130.17923,33.34088,0 130.17922,33.34094,0 130.17922,33.34104,0 130.17926,33.34111,0 130.1793,33.34114,0 130.17939,33.34117,0 130.17978,33.34109,0 130.17993,33.3411,0 130.17999,33.34112,0 130.18008,33.34117,0 130.1801,33.34121,0 130.18011,33.34125,0 130.1801,33.34131,0 130.17998,33.34156,0 130.17994,33.3416,0 130.17984,33.34167,0 130.17978,33.34169,0 130.17976,33.34171,0 130.1797,33.34174,0 130.17965,33.34179,0 130.17963,33.34188,0 130.17964,33.34194,0 130.17968,33.34199,0 130.1798,33.34206,0 130.1799,33.34208,0 130.18014,33.34208,0 130.18027,33.3421,0 130.18034,33.34214,0 130.18036,33.34217,0 130.18038,33.34227,0 130.18032,33.34244,0 130.18027,33.34252,0 130.18017,33.34261,0 130.1801,33.34272,0 130.18009,33.34277,0 130.18001,33.34291,0 130.17972,33.34317,0 130.17962,33.34328,0 130.1796,33.34332,0 130.17959,33.34337,0 130.1796,33.34341,0 130.17963,33.34345,0 130.17972,33.34352,0 130.18014,33.34377,0 130.18023,33.34384,0 130.18026,33.34388,0 130.18029,33.34395,0 130.18029,33.34402,0 130.18028,33.34405,0 130.18024,33.34412,0 130.17977,33.34445,0 130.1797,33.34455,0 130.17967,33.34464,0 130.17966,33.34491,0 130.17968,33.34499,0 130.17972,33.34508,0 130.17983,33.34522,0 130.17991,33.34526,0 130.17994,33.34526,0 130.17996,33.34527,0 130.18006,33.34525,0 130.18014,33.34521,0 130.18024,33.34518,0 130.18033,33.34518,0 130.18044,33.34524,0 130.18047,33.34532,0 130.18047,33.34539,0 130.18043,33.34562,0 130.18084,33.34568,0 130.18085,33.34567,0 130.18092,33.34567,0 130.18098,33.34565,0 130.18103,33.34562,0 130.18104,33.3456,0 130.1811,33.34553,0 130.18127,33.34511,0 130.18128,33.3451,0 130.18133,33.34501,0 130.18137,33.34497,0 130.18145,33.34495,0 130.18196,33.34492,0 130.1821,33.34488,0 130.18221,33.34482,0 130.18288,33.34428,0 130.18295,33.34424,0 130.18303,33.34423,0 130.18312,33.34424,0 130.18334,33.3443,0 130.18346,33.34429,0 130.18353,33.34425,0 130.18373,33.34402,0 130.18381,33.34398,0 130.18392,33.34395,0 130.18408,33.34396,0 130.18418,33.34398,0 130.18432,33.34406,0 130.18445,33.34417,0 130.18446,33.34419,0 130.1847,33.34449,0 130.18479,33.34457,0 130.18484,33.3446,0 130.1849,33.34461,0 130.18503,33.34461,0 130.18513,33.34459,0 130.18563,33.34438,0 130.18578,33.3443,0 130.18582,33.34426,0 130.18582,33.34425,0 130.18584,33.34423,0 130.18585,33.34421,0 130.18585,33.34418,0 130.18572,33.34392,0 130.18572,33.34387,0 130.18574,33.34383,0 130.18579,33.34377,0 130.18584,33.34374,0 130.1859,33.34372,0 130.18597,33.34373,0 130.1861,33.34373,0 130.18614,33.34372,0 130.18619,33.34369,0 130.18636,33.34351,0 130.18638,33.3435,0 130.1864,33.3435,0 130.18641,33.34349,0 130.18648,33.34349,0 130.18652,33.34351,0 130.18667,33.34367,0 130.18675,33.3438,0 130.18677,33.34387,0 130.18677,33.34407,0 130.1868,33.34429,0 130.18687,33.34441,0 130.18692,33.34446,0 130.18695,33.34448,0 130.18698,33.34449,0 130.18711,33.34449,0 130.18723,33.34451,0 130.18733,33.34454,0 130.18738,33.34454,0 130.18754,33.34448,0 130.18781,33.34448,0 130.18785,33.34446,0 130.18788,33.34443,0 130.18792,33.34437,0 130.18792,33.34435,0 130.18794,33.34432,0 130.18799,33.34429,0 130.18807,33.34426,0 130.18816,33.34428,0 130.1882,33.34428,0 130.18824,33.34429,0 130.18844,33.34429,0 130.1885,33.34431,0 130.18869,33.34446,0 130.18872,33.34446,0 130.18874,33.34447,0 130.18877,33.34446,0 130.1888,33.34446,0 130.18884,33.34444,0 130.18891,33.34436,0 130.189,33.34418,0 130.18905,33.34411,0 130.18912,33.34407,0 130.18916,33.34406,0 130.18923,33.34406,0 130.18931,33.34409,0 130.18934,33.34412,0 130.18934,33.34413,0 130.18937,33.34416,0 130.18968,33.34474,0 130.18981,33.34489,0 130.18982,33.34492,0 130.18982,33.34499,0 130.1898,33.34503,0 130.18965,33.34521,0 130.18963,33.34525,0 130.18962,33.34526,0 130.18962,33.3453,0 130.18964,33.34535,0 130.18965,33.34536,0 130.18966,33.34536,0 130.18971,33.34539,0 130.18972,33.34539,0 130.19032,33.34563,0 130.19038,33.34564,0 130.1904,33.34565,0 130.19046,33.34563,0 130.19048,33.3456,0 130.19049,33.3456,0 130.19053,33.34555,0 130.19068,33.34541,0 130.19086,33.34531,0 130.19097,33.34527,0 130.19107,33.34525,0 130.19118,33.34526,0 130.19144,33.34535,0 130.19152,33.34539,0 130.19155,33.34542,0 130.19155,33.34543,0 130.19157,33.34545,0 130.19159,33.34556,0 130.19161,33.34585,0 130.19162,33.34586,0 130.19162,33.34588,0 130.19164,33.3459,0 130.19167,33.34595,0 130.19168,33.34595,0 130.19182,33.34601,0 130.19218,33.34608,0 130.19223,33.34608,0 130.19231,33.34606,0 130.19235,33.34604,0 130.19238,33.34601,0 130.19242,33.34593,0 130.19242,33.34588,0 130.1923,33.34526,0 130.19231,33.34522,0 130.19231,33.34517,0 130.19233,33.34513,0 130.19233,33.34512,0 130.19234,33.34512,0 130.19237,33.3451,0 130.19253,33.34505,0 130.19264,33.34505,0 130.19268,33.34506,0 130.19276,33.3451,0 130.19285,33.34518,0 130.19293,33.34529,0 130.19294,33.34532,0 130.19303,33.34543,0 130.19309,33.34547,0 130.19318,33.34549,0 130.19325,33.34549,0 130.19328,33.34548,0 130.19342,33.34549,0 130.19346,33.3455,0 130.19369,33.34564,0 130.19373,33.34569,0 130.19379,33.34574,0 130.1939,33.3458,0 130.19393,33.3458,0 130.19396,33.34581,0 130.19399,33.34581,0 130.1941,33.34577,0 130.19421,33.3457,0 130.19427,33.34564,0 130.19435,33.34546,0 130.19439,33.34542,0 130.1944,33.34542,0 130.19442,33.34541,0 130.19444,33.34541,0 130.19446,33.3454,0 130.19448,33.3454,0 130.19451,33.34541,0 130.19459,33.34542,0 130.1946,33.34543,0 130.19478,33.34549,0 130.19479,33.34549,0 130.19486,33.34554,0 130.19487,33.34556,0 130.1949,33.34559,0 130.19491,33.34562,0 130.19491,33.34572,0 130.1949,33.34578,0 130.19491,33.34591,0 130.195,33.34629,0 130.195,33.34641,0 130.19502,33.34644,0 130.19503,33.34647,0 130.19513,33.34656,0 130.19516,33.34666,0 130.19517,33.34686,0 130.19518,33.34689,0 130.1952,33.34692,0 130.19533,33.34703,0 130.19566,33.34715,0 130.19587,33.34725,0 130.19601,33.34729,0 130.19625,33.34739,0 130.1963,33.3474,0 130.1964,33.34745,0 130.19644,33.34746,0 130.19652,33.34746,0 130.19659,33.34744,0 130.19663,33.3474,0 130.19666,33.34734,0 130.19668,33.34724,0 130.19668,33.34714,0 130.19658,33.34669,0 130.19655,33.34663,0 130.19653,33.34652,0 130.19652,33.34651,0 130.19651,33.34646,0 130.19653,33.34637,0 130.19662,33.3463,0 130.19683,33.34626,0 130.1971,33.34624,0 130.19712,33.34623,0 130.19716,33.34619,0 130.19717,33.34617,0 130.19715,33.34602,0 130.19714,33.34601,0 130.19714,33.34598,0 130.19715,33.34596,0 130.19715,33.34595,0 130.19717,33.34593,0 130.19725,33.34591,0 130.19742,33.34592,0 130.19747,33.34594,0 130.19748,33.34594,0 130.19756,33.34597,0 130.19763,33.34597,0 130.19767,33.34596,0 130.19771,33.34592,0 130.19778,33.3458,0 130.19779,33.3458,0 130.19781,33.34576,0 130.19786,33.34574,0 130.19796,33.34573,0 130.1981,33.34575,0 130.19825,33.34581,0 130.19835,33.34588,0 130.19839,33.34595,0 130.19842,33.34605,0 130.19857,33.34636,0 130.19859,33.34637,0 130.1986,33.34638,0 130.19861,33.34638,0 130.19865,33.3464,0 130.19896,33.34641,0 130.19906,33.34644,0 130.19927,33.34656,0 130.19931,33.3466,0 130.19936,33.34668,0 130.19938,33.34676,0 130.19938,33.34698,0 130.19939,33.347,0 130.1994,33.34706,0 130.19944,33.34713,0 130.19956,33.34721,0 130.19966,33.34725,0 130.19967,33.34726,0 130.19984,33.34735,0 130.19985,33.34735,0 130.19989,33.34737,0 130.2,33.34746,0 130.20014,33.34761,0 130.20014,33.34762,0 130.20022,33.34766,0 130.20031,33.34768,0 130.20033,33.34767,0 130.20037,33.34767,0 130.20041,33.34766,0 130.20049,33.34761,0 130.20055,33.34755,0 130.20058,33.34742,0 130.20056,33.34717,0 130.20057,33.34712,0 130.2006,33.34708,0 130.2006,33.34707,0 130.2007,33.34687,0 130.20073,33.34677,0 130.20073,33.34672,0 130.2006,33.34656,0 130.20058,33.34651,0 130.20057,33.34646,0 130.20059,33.34637,0 130.20071,33.34627,0 130.20071,33.34626,0 130.20073,33.34624,0 130.2008,33.34612,0 130.2008,33.346,0 130.20082,33.34592,0 130.20084,33.3459,0 130.20091,33.34586,0 130.201,33.34583,0 130.20115,33.34581,0 130.20149,33.34587,0 130.20158,33.34587,0 130.20163,33.34588,0 130.2017,33.34588,0 130.20176,33.34589,0 130.20186,33.34593,0 130.2019,33.34596,0 130.20196,33.34604,0 130.20205,33.34622,0 130.20206,33.34622,0 130.20216,33.34636,0 130.20218,33.34637,0 130.20233,33.34653,0 130.20244,33.34661,0 130.20258,33.34665,0 130.20334,33.34668,0 130.2034,33.34667,0 130.20353,33.34659,0 130.20357,33.34655,0 130.20363,33.34652,0 130.20368,33.34651,0 130.20377,33.34651,0 130.20387,33.34656,0 130.20394,33.34663,0 130.20403,33.34678,0 130.20409,33.34684,0 130.20411,33.34685,0 130.20417,33.34686,0 130.20424,33.34686,0 130.20441,33.3468,0 130.20446,33.34675,0 130.20464,33.34648,0 130.20466,33.34647,0 130.20467,33.34646,0 130.20469,33.34645,0 130.20485,33.34644,0 130.20502,33.34641,0 130.20521,33.34629,0 130.20533,33.34617,0 130.20547,33.3461,0 130.20574,33.34601,0 130.20595,33.34596,0 130.20603,33.34596,0 130.20608,33.34597,0 130.20613,33.34599,0 130.20615,33.34601,0 130.20616,33.34601,0 130.2062,33.34606,0 130.20622,33.34612,0 130.2062,33.34621,0 130.20576,33.34675,0 130.20574,33.34679,0 130.20573,33.34683,0 130.20573,33.34688,0 130.20575,33.34692,0 130.20603,33.34725,0 130.20616,33.34749,0 130.20627,33.34756,0 130.20641,33.3476,0 130.20665,33.34763,0 130.20666,33.34764,0 130.20671,33.34765,0 130.20675,33.34767,0 130.20677,33.34769,0 130.20679,33.3477,0 130.2069,33.3479,0 130.20698,33.34795,0 130.20707,33.34798,0 130.2073,33.34799,0 130.20739,33.34796,0 130.20744,33.34793,0 130.20748,33.34789,0 130.20751,33.34784,0 130.20762,33.34772,0 130.20764,33.34771,0 130.20775,33.34771,0 130.20831,33.34785,0 130.20856,33.34777,0 130.20868,33.34769,0 130.20877,33.34761,0 130.20894,33.34729,0 130.20896,33.34721,0 130.20902,33.34712,0 130.20906,33.34703,0 130.20911,33.34697,0 130.20912,33.34697,0 130.20917,33.34693,0 130.20954,33.34686,0 130.20966,33.34682,0 130.20973,33.34677,0 130.20975,33.34674,0 130.2098,33.34657,0 130.20979,33.34648,0 130.20974,33.34639,0 130.20959,33.34619,0 130.20956,33.34613,0 130.20955,33.34612,0 130.20954,33.34608,0 130.20954,33.34604,0 130.20956,33.34595,0 130.20957,33.34595,0 130.20963,33.3459,0 130.20997,33.34578,0 130.21002,33.34575,0 130.21007,33.3457,0 130.21011,33.34563,0 130.21012,33.3456,0 130.21011,33.3455,0 130.21007,33.34541,0 130.20982,33.34515,0 130.20977,33.34504,0 130.20976,33.34494,0 130.20978,33.34488,0 130.20978,33.34486,0 130.20982,33.34477,0 130.2099,33.34471,0 130.20995,33.34469,0 130.21003,33.34468,0 130.21037,33.34475,0 130.21042,33.34475,0 130.21044,33.34474,0 130.21047,33.34471,0 130.21048,33.34469,0 130.21049,33.34468,0 130.21055,33.34444,0 130.21056,33.34442,0 130.21056,33.34441,0 130.21057,33.34441,0 130.21058,33.3444,0 130.2106,33.34439,0 130.21065,33.34438,0 130.21066,33.34437,0 130.21076,33.34434,0 130.2112,33.34428,0 130.21133,33.3443,0 130.2114,33.34434,0 130.21143,33.34439,0 130.21143,33.3444,0 130.21144,33.3444,0 130.21148,33.34451,0 130.21149,33.34457,0 130.21151,33.34461,0 130.21154,33.34464,0 130.21162,33.34469,0 130.21163,33.34469,0 130.21169,33.34471,0 130.21174,33.34471,0 130.21182,33.34469,0 130.21193,33.34462,0 130.21268,33.34372,0 130.21284,33.34359,0 130.21292,33.34357,0 130.21303,33.34357,0 130.21307,33.34358,0 130.21311,33.3436,0 130.21312,33.3436,0 130.21328,33.34369,0 130.21329,33.3437,0 130.21372,33.34394,0 130.21373,33.34394,0 130.21375,33.34395,0 130.21379,33.34395,0 130.21381,33.34394,0 130.21382,33.34394,0 130.21387,33.34389,0 130.21391,33.34383,0 130.21397,33.34378,0 130.21399,33.34375,0 130.21418,33.34363,0 130.21462,33.3436,0 130.21467,33.34358,0 130.2147,33.34356,0 130.21475,33.34351,0 130.21482,33.34333,0 130.21489,33.343,0 130.21493,33.34289,0 130.21494,33.3428,0 130.21497,33.3427,0 130.21503,33.34265,0 130.2151,33.34262,0 130.21524,33.34261,0 130.21537,33.34262,0 130.21542,33.34264,0 130.21549,33.34269,0 130.2155,33.34271,0 130.21556,33.34298,0 130.21559,33.34306,0 130.21564,33.34313,0 130.21564,33.34314,0 130.2157,33.34322,0 130.21588,33.3436,0 130.21596,33.34369,0 130.216,33.34371,0 130.21605,33.34372,0 130.21615,33.34372,0 130.21632,33.34363,0 130.21638,33.34361,0 130.21646,33.3436,0 130.21649,33.34359,0 130.21686,33.34367,0 130.21708,33.34374,0 130.21709,33.34374,0 130.21718,33.34377,0 130.21745,33.3439,0 130.21756,33.34397,0 130.21764,33.34399,0 130.21771,33.34399,0 130.218,33.34386,0 130.21815,33.34382,0 130.21832,33.34384,0 130.21865,33.34396,0 130.21894,33.34409,0 130.21904,33.34412,0 130.21946,33.34418,0 130.21971,33.34418,0 
					</coordinates>
				</LineString>
			</Placemark>
			<Placemark>
				<name>Liaison3</name>
				<visibility>0</visibility>
				<styleUrl>#line-1267FF-5000-nodesc40</styleUrl>
				<LineString>
					<tessellate>1</tessellate>
					<coordinates>
						130.21971,33.34418,0 130.21999,33.34418,0 130.22015,33.34421,0 130.2203,33.34426,0 130.22031,33.34426,0 130.22051,33.34432,0 130.22052,33.34433,0 130.22061,33.34434,0 130.22073,33.34434,0 130.22082,33.34429,0 130.22086,33.34422,0 130.22087,33.34421,0 130.2209,33.34411,0 130.2209,33.34403,0 130.22088,33.34396,0 130.22086,33.34393,0 130.22071,33.34387,0 130.22037,33.34387,0 130.22032,33.34386,0 130.22028,33.34384,0 130.2202,33.34376,0 130.22019,33.34376,0 130.22006,33.34359,0 130.21994,33.3435,0 130.21978,33.34336,0 130.21976,33.34332,0 130.21975,33.34331,0 130.21974,33.34329,0 130.21974,33.34327,0 130.21976,33.3432,0 130.21979,33.34317,0 130.22001,33.34306,0 130.22005,33.34295,0 130.22005,33.34272,0 130.22008,33.34265,0 130.22011,33.34261,0 130.2203,33.34249,0 130.22033,33.34248,0 130.22042,33.34242,0 130.22046,33.34238,0 130.22054,33.34232,0 130.2207,33.34216,0 130.2208,33.34209,0 130.2209,33.34206,0 130.22096,33.34206,0 130.22101,33.34205,0 130.22117,33.34205,0 130.22119,33.34204,0 130.22124,33.34204,0 130.22135,33.34198,0 130.22139,33.34193,0 130.22146,33.34181,0 130.2215,33.34176,0 130.22155,33.34167,0 130.22158,33.34163,0 130.22172,33.34155,0 130.22173,33.34154,0 130.22175,33.34153,0 130.22177,33.34151,0 130.22179,33.34144,0 130.22179,33.34141,0 130.22178,33.34139,0 130.22178,33.34138,0 130.22177,33.34136,0 130.2217,33.34129,0 130.22163,33.34127,0 130.22162,33.34127,0 130.22155,33.34125,0 130.22148,33.34124,0 130.22142,33.34121,0 130.22142,33.3412,0 130.2214,33.34119,0 130.22137,33.34114,0 130.22137,33.34111,0 130.22136,33.34109,0 130.22137,33.34104,0 130.22139,33.341,0 130.22141,33.34098,0 130.22144,33.34096,0 130.2215,33.34094,0 130.22196,33.34094,0 130.22199,33.34095,0 130.22217,33.34095,0 130.22219,33.34096,0 130.22226,33.34097,0 130.22241,33.34103,0 130.22238,33.34104,0 130.22234,33.34108,0 130.2223,33.34117,0 130.2223,33.34119,0 130.22229,33.34122,0 130.22229,33.34128,0 130.2223,33.34132,0 130.22233,33.34137,0 130.22237,33.34141,0 130.22254,33.34151,0 130.22312,33.34178,0 130.22322,33.34184,0 130.22325,33.34185,0 130.22331,33.34189,0 130.22339,33.34193,0 130.22344,33.34198,0 130.22348,33.34201,0 130.22354,33.34207,0 130.22361,33.34216,0 130.2237,33.34232,0 130.22374,33.34244,0 130.22382,33.34258,0 130.22406,33.34281,0 130.22442,33.34305,0 130.22443,33.34306,0 130.22448,33.34309,0 130.22453,33.34313,0 130.22463,33.34328,0 130.22466,33.34339,0 130.22466,33.34348,0 130.22457,33.34407,0 130.22457,33.34412,0 130.22453,33.34429,0 130.22449,33.3444,0 130.22444,33.34449,0 130.22437,33.34457,0 130.22436,33.34459,0 130.2238,33.34511,0 130.22378,33.34512,0 130.2237,33.34522,0 130.22366,33.34534,0 130.22366,33.34545,0 130.2237,33.34568,0 130.22372,33.34575,0 130.22372,33.34587,0 130.22368,33.34596,0 130.22367,33.34596,0 130.22364,33.346,0 130.2236,33.34603,0 130.22351,33.34608,0 130.22254,33.34647,0 130.22252,33.34647,0 130.22239,33.34651,0 130.22227,33.34653,0 130.22219,33.34651,0 130.22215,33.34649,0 130.22208,33.34642,0 130.22205,33.34636,0 130.22201,33.34632,0 130.22197,33.3463,0 130.22193,33.34629,0 130.22184,33.34629,0 130.22182,33.3463,0 130.22181,33.3463,0 130.22172,33.34636,0 130.22169,33.3464,0 130.2215,33.3466,0 130.22123,33.34682,0 130.22087,33.34703,0 130.22084,33.34704,0 130.22072,33.3471,0 130.22065,33.34712,0 130.22057,33.34713,0 130.22051,33.34713,0 130.22047,33.34712,0 130.22038,33.34708,0 130.21996,33.34666,0 130.21993,33.34664,0 130.21989,33.34663,0 130.21986,33.34663,0 130.21983,33.34662,0 130.21979,33.34662,0 130.21976,33.34663,0 130.21972,33.34663,0 130.21967,33.34664,0 130.21965,33.34664,0 130.21963,33.34665,0 130.21955,33.34667,0 130.21945,33.34671,0 130.21865,33.34696,0 130.21864,33.34696,0 130.21808,33.34709,0 130.21804,33.34711,0 130.21803,33.34711,0 130.21799,33.34713,0 130.21795,33.34716,0 130.2179,33.34725,0 130.21788,33.34731,0 130.2178,33.34745,0 130.21775,33.34751,0 130.21767,33.34754,0 130.2175,33.34757,0 130.21746,33.34756,0 130.21742,33.34756,0 130.21686,33.34745,0 130.21683,33.34745,0 130.21678,33.34744,0 130.21666,33.34744,0 130.21662,33.34745,0 130.21651,33.34751,0 130.21638,33.34764,0 130.21631,33.34774,0 130.21626,33.34783,0 130.21625,33.34788,0 130.21623,33.34793,0 130.21621,33.34805,0 130.21622,33.34841,0 130.21623,33.34846,0 130.21624,33.3488,0 130.21623,33.34892,0 130.2162,33.34905,0 130.21616,33.34912,0 130.21604,33.34925,0 130.21602,33.34926,0 130.21593,33.34933,0 130.21585,33.34938,0 130.21584,33.34938,0 130.21578,33.34941,0 130.21566,33.34945,0 130.21563,33.34947,0 130.21541,33.34954,0 130.21527,33.34963,0 130.21517,33.34973,0 130.21516,33.34976,0 130.21513,33.3498,0 130.2151,33.34987,0 130.21507,33.34991,0 130.21507,33.34993,0 130.21497,33.35006,0 130.21495,33.35007,0 130.21462,33.35032,0 130.21442,33.35044,0 130.21427,33.3505,0 130.21402,33.35054,0 130.21388,33.35054,0 130.21372,33.35058,0 130.21367,33.3506,0 130.21352,33.35069,0 130.21338,33.35083,0 130.21329,33.35094,0 130.21315,33.35106,0 130.213,33.35115,0 130.21286,33.3512,0 130.2127,33.35123,0 130.21092,33.35133,0 130.21089,33.35134,0 130.21068,33.35137,0 130.21064,33.35137,0 130.21047,33.3514,0 130.20787,33.35222,0 130.20778,33.35229,0 130.20776,33.35233,0 130.20775,33.35233,0 130.20772,33.3524,0 130.20772,33.35246,0 130.20774,33.35253,0 130.20778,33.35259,0 130.20782,33.35263,0 130.20843,33.35309,0 130.20845,33.3531,0 130.20853,33.35316,0 130.20866,33.35324,0 130.20907,33.35354,0 130.20907,33.35355,0 130.20916,33.35362,0 130.20929,33.35375,0 130.20977,33.35432,0 130.21,33.35454,0 130.2101,33.35466,0 130.21015,33.35475,0 130.21017,33.35477,0 130.21019,33.35483,0 130.21019,33.35523,0 130.21022,33.35541,0 130.21029,33.35555,0 130.2103,33.35556,0 130.21035,33.35564,0 130.21044,33.35574,0 130.21051,33.35587,0 130.21051,33.35588,0 130.21053,33.35593,0 130.21054,33.35598,0 130.21053,33.35606,0 130.21048,33.35623,0 130.21048,33.35624,0 130.21042,33.35638,0 130.21042,33.3564,0 130.21034,33.35667,0 130.21034,33.35703,0 130.21032,33.35711,0 130.21025,33.35723,0 130.21021,33.35727,0 130.21016,33.3573,0 130.21009,33.35733,0 130.20993,33.35736,0 130.20985,33.35735,0 130.20978,33.35735,0 130.20966,33.35733,0 130.20958,33.3573,0 130.20948,33.35728,0 130.20943,33.3573,0 130.20938,33.35733,0 130.20935,33.35736,0 130.20933,33.3574,0 130.20933,33.35744,0 130.20935,33.35749,0 130.20938,33.35752,0 130.20943,33.35754,0 130.20944,33.35754,0 130.20986,33.3577,0 130.20994,33.3577,0 130.21003,33.35766,0 130.21003,33.35765,0 130.21017,33.35758,0 130.21021,33.35757,0 130.2103,33.35757,0 130.21051,33.35767,0 130.21065,33.35775,0 130.21073,33.35783,0 130.21078,33.3579,0 130.2108,33.35802,0 130.2108,33.35811,0 130.21079,33.35815,0 130.21082,33.35826,0 130.21091,33.35838,0 130.21097,33.35842,0 130.21099,33.35844,0 130.21107,33.35849,0 130.21114,33.35852,0 130.21115,33.35853,0 130.21121,33.35855,0 130.21148,33.35857,0 130.21159,33.3586,0 130.21163,33.35862,0 130.21164,33.35864,0 130.21166,33.35866,0 130.21166,33.35878,0 130.21156,33.35927,0 130.21155,33.35947,0 130.21157,33.35949,0 130.2116,33.35951,0 130.21167,33.35953,0 130.2121,33.35972,0 130.21213,33.35975,0 130.21216,33.35977,0 130.21218,33.35979,0 130.2122,33.35982,0 130.21222,33.35987,0 130.21223,33.35988,0 130.21223,33.35991,0 130.21224,33.35996,0 130.21223,33.36003,0 130.21222,33.36004,0 130.21224,33.36021,0 130.21231,33.36045,0 130.21231,33.3605,0 130.2123,33.36052,0 130.21222,33.3606,0 130.2122,33.36063,0 130.21218,33.3607,0 130.21218,33.36074,0 130.2122,33.36081,0 130.21221,33.36083,0 130.21224,33.36087,0 130.21225,33.36087,0 130.21248,33.36106,0 130.21264,33.36121,0 130.2127,33.36128,0 130.21285,33.36139,0 130.21287,33.36141,0 130.21314,33.3615,0 130.21318,33.36152,0 130.21332,33.36166,0 130.21337,33.36169,0 130.21352,33.36182,0 130.21362,33.36189,0 130.21365,33.36192,0 130.21367,33.36195,0 130.21369,33.36196,0 130.2137,33.36199,0 130.21372,33.36202,0 130.21374,33.36209,0 130.21374,33.36211,0 130.21377,33.36221,0 130.2138,33.36228,0 130.21381,33.36228,0 130.21383,33.36232,0 130.21416,33.36257,0 130.21418,33.36261,0 130.21418,33.36269,0 130.21416,33.36273,0 130.21414,33.36275,0 130.21412,33.36276,0 130.2141,33.36278,0 130.21407,33.36279,0 130.21402,33.36279,0 130.21394,33.36277,0 130.21345,33.36254,0 130.21344,33.36254,0 130.21331,33.36249,0 130.21327,33.36249,0 130.21325,33.3625,0 130.21322,33.3625,0 130.21314,33.36253,0 130.21307,33.36259,0 130.21305,33.36262,0 130.21301,33.36272,0 130.21301,33.36276,0 130.21299,33.36287,0 130.21299,33.36294,0 130.21298,33.36297,0 130.21289,33.3631,0 130.21286,33.36313,0 130.21284,33.36317,0 130.21284,33.36327,0 130.21285,33.36328,0 130.21287,33.3634,0 130.21286,33.36343,0 130.21286,33.36344,0 130.21283,33.36348,0 130.21278,33.36353,0 130.21269,33.36359,0 130.21256,33.36362,0 130.21231,33.3637,0 130.2123,33.3637,0 130.21212,33.36376,0 130.21211,33.36376,0 130.21205,33.36378,0 130.21199,33.36381,0 130.21195,33.36384,0 130.21194,33.36386,0 130.21186,33.36395,0 130.21183,33.36402,0 130.21175,33.36414,0 130.21166,33.36422,0 130.21159,33.36425,0 130.21156,33.36425,0 130.21154,33.36426,0 130.21142,33.36426,0 130.21133,33.36423,0 130.21131,33.36423,0 130.21102,33.36414,0 130.21092,33.36414,0 130.21085,33.36417,0 130.21081,33.3642,0 130.21079,33.36428,0 130.2108,33.36433,0 130.21083,33.36439,0 130.2109,33.36449,0 130.21092,33.36453,0 130.21097,33.36459,0 130.21127,33.36503,0 130.21129,33.36508,0 130.21129,33.36516,0 130.21128,33.3652,0 130.21127,33.36521,0 130.21126,33.36524,0 130.21101,33.36569,0 130.21101,33.3657,0 130.21091,33.36586,0 130.21091,33.36587,0 130.21084,33.36596,0 130.21081,33.36602,0 130.21065,33.36616,0 130.2106,33.36619,0 130.21056,33.36623,0 130.21054,33.36626,0 130.21054,33.3663,0 130.21053,33.36636,0 130.21034,33.36639,0 130.21008,33.36639,0 130.20977,33.36633,0 130.20948,33.36624,0 130.20924,33.36621,0 130.20909,33.36622,0 130.20764,33.36661,0 130.20753,33.36662,0 130.20717,33.36662,0 130.20648,33.36655,0 130.20626,33.36655,0 130.20616,33.36656,0 130.20592,33.36661,0 130.20584,33.36665,0 130.20572,33.36669,0 130.20567,33.36672,0 130.20562,33.36676,0 130.20557,33.36679,0 130.20547,33.36687,0 130.2053,33.36703,0 130.20519,33.36694,0 130.20505,33.36686,0 130.20504,33.36685,0 130.20498,33.36683,0 130.20485,33.36677,0 130.20471,33.36674,0 130.2045,33.36674,0 130.20437,33.36676,0 130.20435,33.36677,0 130.20415,33.36682,0 130.20414,33.36682,0 130.20355,33.36699,0 130.20353,33.36699,0 130.20343,33.36701,0 130.20326,33.36701,0 130.20316,33.36699,0 130.20273,33.3668,0 130.20219,33.3665,0 130.20195,33.36634,0 130.20168,33.36612,0 130.20139,33.36582,0 130.20023,33.36444,0 130.20008,33.36424,0 130.20004,33.3642,0 130.19969,33.36377,0 130.1996,33.36363,0 130.19937,33.36319,0 130.19931,33.3631,0 130.19921,33.36301,0 130.1991,33.36294,0 130.19899,33.36289,0 130.19819,33.36267,0 130.19798,33.36259,0 130.19795,33.36257,0 130.19726,33.36226,0 130.19704,33.36222,0 130.19696,33.36222,0 130.1968,33.36225,0 130.19659,33.36231,0 130.19647,33.36233,0 130.19645,33.36234,0 130.1961,33.36237,0 130.19541,33.36232,0 130.1952,33.36228,0 130.19517,33.36228,0 130.19435,33.36208,0 130.19416,33.36205,0 130.19396,33.36204,0 130.1939,33.36205,0 130.19383,33.36205,0 130.19274,33.36182,0 130.19252,33.36179,0 130.19241,33.3618,0 130.19212,33.36185,0 130.19132,33.36206,0 130.19099,33.36222,0 130.19042,33.36255,0 130.19018,33.36263,0 130.1899,33.3627,0 130.1896,33.36274,0 130.18923,33.36276,0 130.18912,33.36278,0 130.18894,33.36284,0 130.18829,33.36317,0 130.1882,33.3632,0 130.18819,33.3632,0 130.1881,33.36324,0 130.18795,33.36328,0 130.18761,33.36332,0 130.18727,33.36331,0 130.18715,33.36329,0 130.18679,33.36318,0 130.18653,33.36303,0 130.18638,33.36291,0 130.18623,33.36277,0 130.18621,33.36274,0 130.18571,33.36219,0 130.18531,33.36168,0 130.18479,33.36088,0 130.18455,33.3606,0 130.18453,33.36059,0 130.18447,33.36052,0 130.1844,33.36047,0 130.18433,33.3604,0 130.18415,33.36026,0 130.18198,33.35895,0 130.18163,33.35871,0 130.18142,33.35851,0 130.18137,33.35845,0 130.18128,33.35829,0 130.18114,33.35737,0 130.18109,33.3572,0 130.181,33.35705,0 130.18086,33.3569,0 130.18061,33.35675,0 130.18052,33.35671,0 130.18025,33.35656,0 130.1801,33.35644,0 130.18003,33.35636,0 130.17999,33.3563,0 130.17992,33.35614,0 130.17989,33.35605,0 130.17985,33.35588,0 130.17979,33.35569,0 130.17973,33.35556,0 130.17971,33.35554,0 130.17962,33.35541,0 130.17923,33.35497,0 130.17907,33.35481,0 130.17892,33.35469,0 130.17866,33.35453,0 130.17836,33.35441,0 130.17819,33.35436,0 130.17798,33.35432,0 130.17796,33.35431,0 130.17777,33.35428,0 130.17748,33.3542,0 130.17734,33.35413,0 130.17715,33.35397,0 130.17683,33.35361,0 130.17671,33.35351,0 130.17662,33.35345,0 130.17609,33.3532,0 130.17603,33.35319,0 130.17563,33.3532,0 130.17557,33.35319,0 130.17552,33.35317,0 130.17551,33.35317,0 130.17547,33.35315,0 130.1754,33.3531,0 130.17504,33.35272,0 130.17496,33.35266,0 130.17494,33.35265,0 130.1749,33.35262,0 130.17482,33.35258,0 130.17478,33.35257,0 130.17476,33.35257,0 130.17472,33.35256,0 130.17466,33.35256,0 130.17413,33.35269,0 130.17405,33.3527,0 130.17378,33.35277,0 130.17371,33.35278,0 130.17355,33.35278,0 130.17336,33.35274,0 130.1733,33.35272,0 130.17287,33.35246,0 130.17273,33.35236,0 130.17264,33.35231,0 130.17255,33.35229,0 130.17246,33.35229,0 130.1724,33.3523,0 130.17234,33.35232,0 130.1722,33.3524,0 130.17205,33.35253,0 130.17183,33.35276,0 130.17176,33.35285,0 130.17166,33.35301,0 130.17146,33.35339,0 130.17145,33.3534,0 130.17136,33.35356,0 130.17134,33.35357,0 130.17128,33.35363,0 130.17115,33.35372,0 130.17105,33.35374,0 130.171,33.35374,0 130.17017,33.35359,0 130.1701,33.35359,0 130.16995,33.35361,0 130.16979,33.35368,0 130.16962,33.35377,0 130.16954,33.3538,0 130.16946,33.35382,0 130.169,33.35385,0 130.16894,33.35386,0 130.16869,33.35387,0 130.16851,33.35383,0 130.16831,33.35376,0 130.16808,33.3537,0 130.16791,33.35364,0 130.16752,33.35353,0 130.16746,33.35353,0 130.16741,33.35354,0 130.16737,33.35356,0 130.16714,33.35371,0 130.16685,33.35398,0 130.16685,33.35399,0 130.1668,33.35405,0 130.16668,33.35425,0 130.16661,33.35439,0 130.16637,33.35472,0 130.16609,33.35505,0 130.16606,33.3551,0 130.16596,33.35522,0 130.16591,33.3553,0 130.16587,33.35539,0 130.16582,33.35558,0 130.1658,33.35572,0 130.16581,33.35584,0 130.16585,33.35603,0 130.16588,33.3561,0 130.16588,33.35611,0 130.16616,33.3566,0 130.16616,33.35661,0 130.16625,33.35674,0 130.16672,33.35755,0 130.16676,33.35766,0 130.16677,33.35776,0 130.16677,33.35789,0 130.16675,33.358,0 130.16669,33.35817,0 130.16664,33.35826,0 130.16657,33.35835,0 130.16647,33.35845,0 130.16622,33.3586,0 130.16619,33.35861,0 130.16617,33.35861,0 130.16609,33.35864,0 130.16593,33.35867,0 130.16508,33.35869,0 130.16498,33.35871,0 130.16491,33.35874,0 130.16481,33.35882,0 130.16464,33.35903,0 130.16449,33.35926,0 130.16447,33.3593,0 130.16445,33.35936,0 130.16439,33.35977,0 130.16433,33.36004,0 130.16429,33.3603,0 130.16428,33.36033,0 130.16427,33.36039,0 130.16427,33.36045,0 130.16428,33.36051,0 130.16428,33.36055,0 130.1643,33.36061,0 130.16449,33.36101,0 130.16449,33.36102,0 130.16454,33.36116,0 130.16454,33.36119,0 130.16461,33.36153,0 130.16461,33.36162,0 130.1646,33.36164,0 130.16459,33.36169,0 130.16454,33.36176,0 130.16447,33.36182,0 130.1644,33.36185,0 130.16433,33.36189,0 130.16346,33.36219,0 130.16328,33.36231,0 130.16315,33.36248,0 130.16301,33.36279,0 130.16297,33.36284,0 130.16292,33.36288,0 130.16287,33.3629,0 130.16272,33.36292,0 130.16251,33.36289,0 130.16216,33.36278,0 130.16211,33.36277,0 130.16189,33.36276,0 130.1618,33.36277,0 130.16162,33.36285,0 130.16149,33.36294,0 130.16126,33.36316,0 130.16105,33.36331,0 130.16081,33.36342,0 130.16038,33.36358,0 130.16033,33.36358,0 130.16028,33.36359,0 130.15995,33.36361,0 130.15968,33.36361,0 130.15956,33.3636,0 130.15919,33.36362,0 130.15868,33.36362,0 130.15865,33.36363,0 130.15845,33.36364,0 130.15835,33.36366,0 130.15818,33.36373,0 130.15806,33.36382,0 130.15796,33.36397,0 130.15795,33.364,0 130.15779,33.3643,0 130.15778,33.36431,0 130.15764,33.36454,0 130.1575,33.3647,0 130.15729,33.36488,0 130.15518,33.36622,0 130.15506,33.36628,0 130.15505,33.36628,0 130.15496,33.36633,0 130.15471,33.3664,0 130.15433,33.36646,0 130.15412,33.36651,0 130.15399,33.36656,0 130.15357,33.36679,0 130.15318,33.36691,0 130.15291,33.36695,0 130.15254,33.36694,0 130.15236,33.36691,0 130.15232,33.36691,0 130.15227,33.3669,0 130.15212,33.36684,0 130.15178,33.36675,0 130.15158,33.36675,0 130.14997,33.36686,0 130.1498,33.36689,0 130.14848,33.36749,0 130.14838,33.36755,0 130.14831,33.36761,0 130.14832,33.36765,0 130.14832,33.36771,0 130.1483,33.36779,0 130.14828,33.36783,0 130.14824,33.36811,0 130.14824,33.36825,0 130.14825,33.36832,0 130.14825,33.36851,0 130.14824,33.36858,0 130.14819,33.36867,0 130.14762,33.36948,0 130.14739,33.36972,0 130.14731,33.36984,0 130.14728,33.36992,0 130.14725,33.37006,0 130.14726,33.37011,0 130.14726,33.37017,0 130.14738,33.37049,0 130.14746,33.37061,0 130.14773,33.3709,0 130.14847,33.37178,0 130.14848,33.37178,0 130.1487,33.37202,0 130.14875,33.37205,0 130.14876,33.37207,0 130.14881,33.37211,0 130.14886,33.37214,0 130.14903,33.37232,0 130.14904,33.37232,0 130.14954,33.37294,0 130.14955,33.37299,0 130.14955,33.37309,0 130.14954,33.37312,0 130.14952,33.37347,0 130.14954,33.37357,0 130.14958,33.37364,0 130.14965,33.37372,0 130.14986,33.37388,0 130.15017,33.37408,0 130.15045,33.37429,0 130.15062,33.37446,0 130.15069,33.37457,0 130.15071,33.37463,0 130.15073,33.37481,0 130.15072,33.3751,0 130.15073,33.37512,0 130.15073,33.37526,0 130.15074,33.3753,0 130.15074,33.37533,0 130.15075,33.37537,0 130.15085,33.3755,0 130.1509,33.37553,0 130.15093,33.37556,0 130.15102,33.37561,0 130.15103,33.37561,0 130.15126,33.37569,0 130.15148,33.37574,0 130.15156,33.37577,0 130.15159,33.37577,0 130.1517,33.37582,0 130.15172,33.37585,0 130.15174,33.37586,0 130.15175,33.37587,0 130.15177,33.37591,0 130.1518,33.37595,0 130.15183,33.37602,0 130.1519,33.3763,0 130.15192,33.37635,0 130.15194,33.37643,0 130.15199,33.37656,0 130.15202,33.37661,0 130.15204,33.37666,0 130.15206,33.37668,0 130.15217,33.37683,0 130.15219,33.37685,0 130.15223,33.37692,0 130.15229,33.37698,0 130.15229,33.377,0 130.15238,33.37708,0 130.15227,33.37713,0 130.15226,33.37714,0 130.15216,33.37718,0 130.15213,33.37718,0 130.1521,33.37719,0 130.15207,33.37719,0 130.15204,33.37718,0 130.15196,33.37718,0 130.15193,33.37717,0 130.15183,33.37717,0 130.15178,33.37718,0 130.15159,33.37718,0 130.15131,33.3771,0 130.15119,33.3771,0 130.15111,33.37712,0 130.15106,33.37712,0 130.15104,33.37711,0 130.15089,33.37707,0 130.15041,33.37685,0 130.15038,33.37682,0 130.15031,33.3768,0 130.15028,33.3768,0 130.15026,33.37679,0 130.15023,33.3768,0 130.15019,33.3768,0 130.14984,33.37688,0 130.14983,33.37689,0 130.14977,33.37691,0 130.14975,33.37693,0 130.14972,33.37694,0 130.14967,33.37697,0 130.14966,33.37698,0 130.14957,33.377,0 130.14944,33.377,0 130.14923,33.37702,0 130.1492,33.37703,0 130.14906,33.37704,0 130.14901,33.37705,0 130.14894,33.37705,0 130.14886,33.37708,0 130.14884,33.3771,0 130.14882,33.37711,0 130.14881,33.37712,0 130.1488,33.37714,0 130.14878,33.37716,0 130.14877,33.37719,0 130.14877,33.37733,0 130.14879,33.37744,0 130.14879,33.37749,0 130.1488,33.37752,0 130.1488,33.37755,0 
					</coordinates>
				</LineString>
			</Placemark>
		</Folder>
		<Folder>
			<name>SS3,6 Amanogawa</name>
			<visibility>0</visibility>
			<Placemark>
				<name>Liaison3</name>
				<visibility>0</visibility>
				<styleUrl>#line-1267FF-5000-nodesc40</styleUrl>
				<LineString>
					<tessellate>1</tessellate>
					<coordinates>
						130.21971,33.34418,0 130.21999,33.34418,0 130.22015,33.34421,0 130.2203,33.34426,0 130.22031,33.34426,0 130.22051,33.34432,0 130.22052,33.34433,0 130.22061,33.34434,0 130.22073,33.34434,0 130.22082,33.34429,0 130.22086,33.34422,0 130.22087,33.34421,0 130.2209,33.34411,0 130.2209,33.34403,0 130.22088,33.34396,0 130.22086,33.34393,0 130.22071,33.34387,0 130.22037,33.34387,0 130.22032,33.34386,0 130.22028,33.34384,0 130.2202,33.34376,0 130.22019,33.34376,0 130.22006,33.34359,0 130.21994,33.3435,0 130.21978,33.34336,0 130.21976,33.34332,0 130.21975,33.34331,0 130.21974,33.34329,0 130.21974,33.34327,0 130.21976,33.3432,0 130.21979,33.34317,0 130.22001,33.34306,0 130.22005,33.34295,0 130.22005,33.34272,0 130.22008,33.34265,0 130.22011,33.34261,0 130.2203,33.34249,0 130.22033,33.34248,0 130.22042,33.34242,0 130.22046,33.34238,0 130.22054,33.34232,0 130.2207,33.34216,0 130.2208,33.34209,0 130.2209,33.34206,0 130.22096,33.34206,0 130.22101,33.34205,0 130.22117,33.34205,0 130.22119,33.34204,0 130.22124,33.34204,0 130.22135,33.34198,0 130.22139,33.34193,0 130.22146,33.34181,0 130.2215,33.34176,0 130.22155,33.34167,0 130.22158,33.34163,0 130.22172,33.34155,0 130.22173,33.34154,0 130.22175,33.34153,0 130.22177,33.34151,0 130.22179,33.34144,0 130.22179,33.34141,0 130.22178,33.34139,0 130.22178,33.34138,0 130.22177,33.34136,0 130.2217,33.34129,0 130.22163,33.34127,0 130.22162,33.34127,0 130.22155,33.34125,0 130.22148,33.34124,0 130.22142,33.34121,0 130.22142,33.3412,0 130.2214,33.34119,0 130.22137,33.34114,0 130.22137,33.34111,0 130.22136,33.34109,0 130.22137,33.34104,0 130.22139,33.341,0 130.22141,33.34098,0 130.22144,33.34096,0 130.2215,33.34094,0 130.22196,33.34094,0 130.22199,33.34095,0 130.22217,33.34095,0 130.22219,33.34096,0 130.22226,33.34097,0 130.22241,33.34103,0 130.22238,33.34104,0 130.22234,33.34108,0 130.2223,33.34117,0 130.2223,33.34119,0 130.22229,33.34122,0 130.22229,33.34128,0 130.2223,33.34132,0 130.22233,33.34137,0 130.22237,33.34141,0 130.22254,33.34151,0 130.22312,33.34178,0 130.22322,33.34184,0 130.22325,33.34185,0 130.22331,33.34189,0 130.22339,33.34193,0 130.22344,33.34198,0 130.22348,33.34201,0 130.22354,33.34207,0 130.22361,33.34216,0 130.2237,33.34232,0 130.22374,33.34244,0 130.22382,33.34258,0 130.22406,33.34281,0 130.22442,33.34305,0 130.22443,33.34306,0 130.22448,33.34309,0 130.22453,33.34313,0 130.22463,33.34328,0 130.22466,33.34339,0 130.22466,33.34348,0 130.22457,33.34407,0 130.22457,33.34412,0 130.22453,33.34429,0 130.22449,33.3444,0 130.22444,33.34449,0 130.22437,33.34457,0 130.22436,33.34459,0 130.2238,33.34511,0 130.22378,33.34512,0 130.2237,33.34522,0 130.22366,33.34534,0 130.22366,33.34545,0 130.2237,33.34568,0 130.22372,33.34575,0 130.22372,33.34587,0 130.22368,33.34596,0 130.22367,33.34596,0 130.22364,33.346,0 130.2236,33.34603,0 130.22351,33.34608,0 130.22254,33.34647,0 130.22252,33.34647,0 130.22239,33.34651,0 130.22227,33.34653,0 130.22219,33.34651,0 130.22215,33.34649,0 130.22208,33.34642,0 130.22205,33.34636,0 130.22201,33.34632,0 130.22197,33.3463,0 130.22193,33.34629,0 130.22184,33.34629,0 130.22182,33.3463,0 130.22181,33.3463,0 130.22172,33.34636,0 130.22169,33.3464,0 130.2215,33.3466,0 130.22123,33.34682,0 130.22087,33.34703,0 130.22084,33.34704,0 130.22072,33.3471,0 130.22065,33.34712,0 130.22057,33.34713,0 130.22051,33.34713,0 130.22047,33.34712,0 130.22038,33.34708,0 130.21996,33.34666,0 130.21993,33.34664,0 130.21989,33.34663,0 130.21986,33.34663,0 130.21983,33.34662,0 130.21979,33.34662,0 130.21976,33.34663,0 130.21972,33.34663,0 130.21967,33.34664,0 130.21965,33.34664,0 130.21963,33.34665,0 130.21955,33.34667,0 130.21945,33.34671,0 130.21865,33.34696,0 130.21864,33.34696,0 130.21808,33.34709,0 130.21804,33.34711,0 130.21803,33.34711,0 130.21799,33.34713,0 130.21795,33.34716,0 130.2179,33.34725,0 130.21788,33.34731,0 130.2178,33.34745,0 130.21775,33.34751,0 130.21767,33.34754,0 130.2175,33.34757,0 130.21746,33.34756,0 130.21742,33.34756,0 130.21686,33.34745,0 130.21683,33.34745,0 130.21678,33.34744,0 130.21666,33.34744,0 130.21662,33.34745,0 130.21651,33.34751,0 130.21638,33.34764,0 130.21631,33.34774,0 130.21626,33.34783,0 130.21625,33.34788,0 130.21623,33.34793,0 130.21621,33.34805,0 130.21622,33.34841,0 130.21623,33.34846,0 130.21624,33.3488,0 130.21623,33.34892,0 130.2162,33.34905,0 130.21616,33.34912,0 130.21604,33.34925,0 130.21602,33.34926,0 130.21593,33.34933,0 130.21585,33.34938,0 130.21584,33.34938,0 130.21578,33.34941,0 130.21566,33.34945,0 130.21563,33.34947,0 130.21541,33.34954,0 130.21527,33.34963,0 130.21517,33.34973,0 130.21516,33.34976,0 130.21513,33.3498,0 130.2151,33.34987,0 130.21507,33.34991,0 130.21507,33.34993,0 130.21497,33.35006,0 130.21495,33.35007,0 130.21462,33.35032,0 130.21442,33.35044,0 130.21427,33.3505,0 130.21402,33.35054,0 130.21388,33.35054,0 130.21372,33.35058,0 130.21367,33.3506,0 130.21352,33.35069,0 130.21338,33.35083,0 130.21329,33.35094,0 130.21315,33.35106,0 130.213,33.35115,0 130.21286,33.3512,0 130.2127,33.35123,0 130.21092,33.35133,0 130.21089,33.35134,0 130.21068,33.35137,0 130.21064,33.35137,0 130.21047,33.3514,0 130.20787,33.35222,0 130.20778,33.35229,0 130.20776,33.35233,0 130.20775,33.35233,0 130.20772,33.3524,0 130.20772,33.35246,0 130.20774,33.35253,0 130.20778,33.35259,0 130.20782,33.35263,0 130.20843,33.35309,0 130.20845,33.3531,0 130.20853,33.35316,0 130.20866,33.35324,0 130.20907,33.35354,0 130.20907,33.35355,0 130.20916,33.35362,0 130.20929,33.35375,0 130.20977,33.35432,0 130.21,33.35454,0 130.2101,33.35466,0 130.21015,33.35475,0 130.21017,33.35477,0 130.21019,33.35483,0 130.21019,33.35523,0 130.21022,33.35541,0 130.21029,33.35555,0 130.2103,33.35556,0 130.21035,33.35564,0 130.21044,33.35574,0 130.21051,33.35587,0 130.21051,33.35588,0 130.21053,33.35593,0 130.21054,33.35598,0 130.21053,33.35606,0 130.21048,33.35623,0 130.21048,33.35624,0 130.21042,33.35638,0 130.21042,33.3564,0 130.21034,33.35667,0 130.21034,33.35703,0 130.21032,33.35711,0 130.21025,33.35723,0 130.21021,33.35727,0 130.21016,33.3573,0 130.21009,33.35733,0 130.20993,33.35736,0 130.20985,33.35735,0 130.20978,33.35735,0 130.20966,33.35733,0 130.20958,33.3573,0 130.20948,33.35728,0 130.20943,33.3573,0 130.20938,33.35733,0 130.20935,33.35736,0 130.20933,33.3574,0 130.20933,33.35744,0 130.20935,33.35749,0 130.20938,33.35752,0 130.20943,33.35754,0 130.20944,33.35754,0 130.20986,33.3577,0 130.20994,33.3577,0 130.21003,33.35766,0 130.21003,33.35765,0 130.21017,33.35758,0 130.21021,33.35757,0 130.2103,33.35757,0 130.21051,33.35767,0 130.21065,33.35775,0 130.21073,33.35783,0 130.21078,33.3579,0 130.2108,33.35802,0 130.2108,33.35811,0 130.21079,33.35815,0 130.21082,33.35826,0 130.21091,33.35838,0 130.21097,33.35842,0 130.21099,33.35844,0 130.21107,33.35849,0 130.21114,33.35852,0 130.21115,33.35853,0 130.21121,33.35855,0 130.21148,33.35857,0 130.21159,33.3586,0 130.21163,33.35862,0 130.21164,33.35864,0 130.21166,33.35866,0 130.21166,33.35878,0 130.21156,33.35927,0 130.21155,33.35947,0 130.21157,33.35949,0 130.2116,33.35951,0 130.21167,33.35953,0 130.2121,33.35972,0 130.21213,33.35975,0 130.21216,33.35977,0 130.21218,33.35979,0 130.2122,33.35982,0 130.21222,33.35987,0 130.21223,33.35988,0 130.21223,33.35991,0 130.21224,33.35996,0 130.21223,33.36003,0 130.21222,33.36004,0 130.21224,33.36021,0 130.21231,33.36045,0 130.21231,33.3605,0 130.2123,33.36052,0 130.21222,33.3606,0 130.2122,33.36063,0 130.21218,33.3607,0 130.21218,33.36074,0 130.2122,33.36081,0 130.21221,33.36083,0 130.21224,33.36087,0 130.21225,33.36087,0 130.21248,33.36106,0 130.21264,33.36121,0 130.2127,33.36128,0 130.21285,33.36139,0 130.21287,33.36141,0 130.21314,33.3615,0 130.21318,33.36152,0 130.21332,33.36166,0 130.21337,33.36169,0 130.21352,33.36182,0 130.21362,33.36189,0 130.21365,33.36192,0 130.21367,33.36195,0 130.21369,33.36196,0 130.2137,33.36199,0 130.21372,33.36202,0 130.21374,33.36209,0 130.21374,33.36211,0 130.21377,33.36221,0 130.2138,33.36228,0 130.21381,33.36228,0 130.21383,33.36232,0 130.21416,33.36257,0 130.21418,33.36261,0 130.21418,33.36269,0 130.21416,33.36273,0 130.21414,33.36275,0 130.21412,33.36276,0 130.2141,33.36278,0 130.21407,33.36279,0 130.21402,33.36279,0 130.21394,33.36277,0 130.21345,33.36254,0 130.21344,33.36254,0 130.21331,33.36249,0 130.21327,33.36249,0 130.21325,33.3625,0 130.21322,33.3625,0 130.21314,33.36253,0 130.21307,33.36259,0 130.21305,33.36262,0 130.21301,33.36272,0 130.21301,33.36276,0 130.21299,33.36287,0 130.21299,33.36294,0 130.21298,33.36297,0 130.21289,33.3631,0 130.21286,33.36313,0 130.21284,33.36317,0 130.21284,33.36327,0 130.21285,33.36328,0 130.21287,33.3634,0 130.21286,33.36343,0 130.21286,33.36344,0 130.21283,33.36348,0 130.21278,33.36353,0 130.21269,33.36359,0 130.21256,33.36362,0 130.21231,33.3637,0 130.2123,33.3637,0 130.21212,33.36376,0 130.21211,33.36376,0 130.21205,33.36378,0 130.21199,33.36381,0 130.21195,33.36384,0 130.21194,33.36386,0 130.21186,33.36395,0 130.21183,33.36402,0 130.21175,33.36414,0 130.21166,33.36422,0 130.21159,33.36425,0 130.21156,33.36425,0 130.21154,33.36426,0 130.21142,33.36426,0 130.21133,33.36423,0 130.21131,33.36423,0 130.21102,33.36414,0 130.21092,33.36414,0 130.21085,33.36417,0 130.21081,33.3642,0 130.21079,33.36428,0 130.2108,33.36433,0 130.21083,33.36439,0 130.2109,33.36449,0 130.21092,33.36453,0 130.21097,33.36459,0 130.21127,33.36503,0 130.21129,33.36508,0 130.21129,33.36516,0 130.21128,33.3652,0 130.21127,33.36521,0 130.21126,33.36524,0 130.21101,33.36569,0 130.21101,33.3657,0 130.21091,33.36586,0 130.21091,33.36587,0 130.21084,33.36596,0 130.21081,33.36602,0 130.21065,33.36616,0 130.2106,33.36619,0 130.21056,33.36623,0 130.21054,33.36626,0 130.21054,33.3663,0 130.21053,33.36636,0 130.21034,33.36639,0 130.21008,33.36639,0 130.20977,33.36633,0 130.20948,33.36624,0 130.20924,33.36621,0 130.20909,33.36622,0 130.20764,33.36661,0 130.20753,33.36662,0 130.20717,33.36662,0 130.20648,33.36655,0 130.20626,33.36655,0 130.20616,33.36656,0 130.20592,33.36661,0 130.20584,33.36665,0 130.20572,33.36669,0 130.20567,33.36672,0 130.20562,33.36676,0 130.20557,33.36679,0 130.20547,33.36687,0 130.2053,33.36703,0 130.20519,33.36694,0 130.20505,33.36686,0 130.20504,33.36685,0 130.20498,33.36683,0 130.20485,33.36677,0 130.20471,33.36674,0 130.2045,33.36674,0 130.20437,33.36676,0 130.20435,33.36677,0 130.20415,33.36682,0 130.20414,33.36682,0 130.20355,33.36699,0 130.20353,33.36699,0 130.20343,33.36701,0 130.20326,33.36701,0 130.20316,33.36699,0 130.20273,33.3668,0 130.20219,33.3665,0 130.20195,33.36634,0 130.20168,33.36612,0 130.20139,33.36582,0 130.20023,33.36444,0 130.20008,33.36424,0 130.20004,33.3642,0 130.19969,33.36377,0 130.1996,33.36363,0 130.19937,33.36319,0 130.19931,33.3631,0 130.19921,33.36301,0 130.1991,33.36294,0 130.19899,33.36289,0 130.19819,33.36267,0 130.19798,33.36259,0 130.19795,33.36257,0 130.19726,33.36226,0 130.19704,33.36222,0 130.19696,33.36222,0 130.1968,33.36225,0 130.19659,33.36231,0 130.19647,33.36233,0 130.19645,33.36234,0 130.1961,33.36237,0 130.19541,33.36232,0 130.1952,33.36228,0 130.19517,33.36228,0 130.19435,33.36208,0 130.19416,33.36205,0 130.19396,33.36204,0 130.1939,33.36205,0 130.19383,33.36205,0 130.19274,33.36182,0 130.19252,33.36179,0 130.19241,33.3618,0 130.19212,33.36185,0 130.19132,33.36206,0 130.19099,33.36222,0 130.19042,33.36255,0 130.19018,33.36263,0 130.1899,33.3627,0 130.1896,33.36274,0 130.18923,33.36276,0 130.18912,33.36278,0 130.18894,33.36284,0 130.18829,33.36317,0 130.1882,33.3632,0 130.18819,33.3632,0 130.1881,33.36324,0 130.18795,33.36328,0 130.18761,33.36332,0 130.18727,33.36331,0 130.18715,33.36329,0 130.18679,33.36318,0 130.18653,33.36303,0 130.18638,33.36291,0 130.18623,33.36277,0 130.18621,33.36274,0 130.18571,33.36219,0 130.18531,33.36168,0 130.18479,33.36088,0 130.18455,33.3606,0 130.18453,33.36059,0 130.18447,33.36052,0 130.1844,33.36047,0 130.18433,33.3604,0 130.18415,33.36026,0 130.18198,33.35895,0 130.18163,33.35871,0 130.18142,33.35851,0 130.18137,33.35845,0 130.18128,33.35829,0 130.18114,33.35737,0 130.18109,33.3572,0 130.181,33.35705,0 130.18086,33.3569,0 130.18061,33.35675,0 130.18052,33.35671,0 130.18025,33.35656,0 130.1801,33.35644,0 130.18003,33.35636,0 130.17999,33.3563,0 130.17992,33.35614,0 130.17989,33.35605,0 130.17985,33.35588,0 130.17979,33.35569,0 130.17973,33.35556,0 130.17971,33.35554,0 130.17962,33.35541,0 130.17923,33.35497,0 130.17907,33.35481,0 130.17892,33.35469,0 130.17866,33.35453,0 130.17836,33.35441,0 130.17819,33.35436,0 130.17798,33.35432,0 130.17796,33.35431,0 130.17777,33.35428,0 130.17748,33.3542,0 130.17734,33.35413,0 130.17715,33.35397,0 130.17683,33.35361,0 130.17671,33.35351,0 130.17662,33.35345,0 130.17609,33.3532,0 130.17603,33.35319,0 130.17563,33.3532,0 130.17557,33.35319,0 130.17552,33.35317,0 130.17551,33.35317,0 130.17547,33.35315,0 130.1754,33.3531,0 130.17504,33.35272,0 130.17496,33.35266,0 130.17494,33.35265,0 130.1749,33.35262,0 130.17482,33.35258,0 130.17478,33.35257,0 130.17476,33.35257,0 130.17472,33.35256,0 130.17466,33.35256,0 130.17413,33.35269,0 130.17405,33.3527,0 130.17378,33.35277,0 130.17371,33.35278,0 130.17355,33.35278,0 130.17336,33.35274,0 130.1733,33.35272,0 130.17287,33.35246,0 130.17273,33.35236,0 130.17264,33.35231,0 130.17255,33.35229,0 130.17246,33.35229,0 130.1724,33.3523,0 130.17234,33.35232,0 130.1722,33.3524,0 130.17205,33.35253,0 130.17183,33.35276,0 130.17176,33.35285,0 130.17166,33.35301,0 130.17146,33.35339,0 130.17145,33.3534,0 130.17136,33.35356,0 130.17134,33.35357,0 130.17128,33.35363,0 130.17115,33.35372,0 130.17105,33.35374,0 130.171,33.35374,0 130.17017,33.35359,0 130.1701,33.35359,0 130.16995,33.35361,0 130.16979,33.35368,0 130.16962,33.35377,0 130.16954,33.3538,0 130.16946,33.35382,0 130.169,33.35385,0 130.16894,33.35386,0 130.16869,33.35387,0 130.16851,33.35383,0 130.16831,33.35376,0 130.16808,33.3537,0 130.16791,33.35364,0 130.16752,33.35353,0 130.16746,33.35353,0 130.16741,33.35354,0 130.16737,33.35356,0 130.16714,33.35371,0 130.16685,33.35398,0 130.16685,33.35399,0 130.1668,33.35405,0 130.16668,33.35425,0 130.16661,33.35439,0 130.16637,33.35472,0 130.16609,33.35505,0 130.16606,33.3551,0 130.16596,33.35522,0 130.16591,33.3553,0 130.16587,33.35539,0 130.16582,33.35558,0 130.1658,33.35572,0 130.16581,33.35584,0 130.16585,33.35603,0 130.16588,33.3561,0 130.16588,33.35611,0 130.16616,33.3566,0 130.16616,33.35661,0 130.16625,33.35674,0 130.16672,33.35755,0 130.16676,33.35766,0 130.16677,33.35776,0 130.16677,33.35789,0 130.16675,33.358,0 130.16669,33.35817,0 130.16664,33.35826,0 130.16657,33.35835,0 130.16647,33.35845,0 130.16622,33.3586,0 130.16619,33.35861,0 130.16617,33.35861,0 130.16609,33.35864,0 130.16593,33.35867,0 130.16508,33.35869,0 130.16498,33.35871,0 130.16491,33.35874,0 130.16481,33.35882,0 130.16464,33.35903,0 130.16449,33.35926,0 130.16447,33.3593,0 130.16445,33.35936,0 130.16439,33.35977,0 130.16433,33.36004,0 130.16429,33.3603,0 130.16428,33.36033,0 130.16427,33.36039,0 130.16427,33.36045,0 130.16428,33.36051,0 130.16428,33.36055,0 130.1643,33.36061,0 130.16449,33.36101,0 130.16449,33.36102,0 130.16454,33.36116,0 130.16454,33.36119,0 130.16461,33.36153,0 130.16461,33.36162,0 130.1646,33.36164,0 130.16459,33.36169,0 130.16454,33.36176,0 130.16447,33.36182,0 130.1644,33.36185,0 130.16433,33.36189,0 130.16346,33.36219,0 130.16328,33.36231,0 130.16315,33.36248,0 130.16301,33.36279,0 130.16297,33.36284,0 130.16292,33.36288,0 130.16287,33.3629,0 130.16272,33.36292,0 130.16251,33.36289,0 130.16216,33.36278,0 130.16211,33.36277,0 130.16189,33.36276,0 130.1618,33.36277,0 130.16162,33.36285,0 130.16149,33.36294,0 130.16126,33.36316,0 130.16105,33.36331,0 130.16081,33.36342,0 130.16038,33.36358,0 130.16033,33.36358,0 130.16028,33.36359,0 130.15995,33.36361,0 130.15968,33.36361,0 130.15956,33.3636,0 130.15919,33.36362,0 130.15868,33.36362,0 130.15865,33.36363,0 130.15845,33.36364,0 130.15835,33.36366,0 130.15818,33.36373,0 130.15806,33.36382,0 130.15796,33.36397,0 130.15795,33.364,0 130.15779,33.3643,0 130.15778,33.36431,0 130.15764,33.36454,0 130.1575,33.3647,0 130.15729,33.36488,0 130.15518,33.36622,0 130.15506,33.36628,0 130.15505,33.36628,0 130.15496,33.36633,0 130.15471,33.3664,0 130.15433,33.36646,0 130.15412,33.36651,0 130.15399,33.36656,0 130.15357,33.36679,0 130.15318,33.36691,0 130.15291,33.36695,0 130.15254,33.36694,0 130.15236,33.36691,0 130.15232,33.36691,0 130.15227,33.3669,0 130.15212,33.36684,0 130.15178,33.36675,0 130.15158,33.36675,0 130.14997,33.36686,0 130.1498,33.36689,0 130.14848,33.36749,0 130.14838,33.36755,0 130.14831,33.36761,0 130.14832,33.36765,0 130.14832,33.36771,0 130.1483,33.36779,0 130.14828,33.36783,0 130.14824,33.36811,0 130.14824,33.36825,0 130.14825,33.36832,0 130.14825,33.36851,0 130.14824,33.36858,0 130.14819,33.36867,0 130.14762,33.36948,0 130.14739,33.36972,0 130.14731,33.36984,0 130.14728,33.36992,0 130.14725,33.37006,0 130.14726,33.37011,0 130.14726,33.37017,0 130.14738,33.37049,0 130.14746,33.37061,0 130.14773,33.3709,0 130.14847,33.37178,0 130.14848,33.37178,0 130.1487,33.37202,0 130.14875,33.37205,0 130.14876,33.37207,0 130.14881,33.37211,0 130.14886,33.37214,0 130.14903,33.37232,0 130.14904,33.37232,0 130.14954,33.37294,0 130.14955,33.37299,0 130.14955,33.37309,0 130.14954,33.37312,0 130.14952,33.37347,0 130.14954,33.37357,0 130.14958,33.37364,0 130.14965,33.37372,0 130.14986,33.37388,0 130.15017,33.37408,0 130.15045,33.37429,0 130.15062,33.37446,0 130.15069,33.37457,0 130.15071,33.37463,0 130.15073,33.37481,0 130.15072,33.3751,0 130.15073,33.37512,0 130.15073,33.37526,0 130.15074,33.3753,0 130.15074,33.37533,0 130.15075,33.37537,0 130.15085,33.3755,0 130.1509,33.37553,0 130.15093,33.37556,0 130.15102,33.37561,0 130.15103,33.37561,0 130.15126,33.37569,0 130.15148,33.37574,0 130.15156,33.37577,0 130.15159,33.37577,0 130.1517,33.37582,0 130.15172,33.37585,0 130.15174,33.37586,0 130.15175,33.37587,0 130.15177,33.37591,0 130.1518,33.37595,0 130.15183,33.37602,0 130.1519,33.3763,0 130.15192,33.37635,0 130.15194,33.37643,0 130.15199,33.37656,0 130.15202,33.37661,0 130.15204,33.37666,0 130.15206,33.37668,0 130.15217,33.37683,0 130.15219,33.37685,0 130.15223,33.37692,0 130.15229,33.37698,0 130.15229,33.377,0 130.15238,33.37708,0 130.15227,33.37713,0 130.15226,33.37714,0 130.15216,33.37718,0 130.15213,33.37718,0 130.1521,33.37719,0 130.15207,33.37719,0 130.15204,33.37718,0 130.15196,33.37718,0 130.15193,33.37717,0 130.15183,33.37717,0 130.15178,33.37718,0 130.15159,33.37718,0 130.15131,33.3771,0 130.15119,33.3771,0 130.15111,33.37712,0 130.15106,33.37712,0 130.15104,33.37711,0 130.15089,33.37707,0 130.15041,33.37685,0 130.15038,33.37682,0 130.15031,33.3768,0 130.15028,33.3768,0 130.15026,33.37679,0 130.15023,33.3768,0 130.15019,33.3768,0 130.14984,33.37688,0 130.14983,33.37689,0 130.14977,33.37691,0 130.14975,33.37693,0 130.14972,33.37694,0 130.14967,33.37697,0 130.14966,33.37698,0 130.14957,33.377,0 130.14944,33.377,0 130.14923,33.37702,0 130.1492,33.37703,0 130.14906,33.37704,0 130.14901,33.37705,0 130.14894,33.37705,0 130.14886,33.37708,0 130.14884,33.3771,0 130.14882,33.37711,0 130.14881,33.37712,0 130.1488,33.37714,0 130.14878,33.37716,0 130.14877,33.37719,0 130.14877,33.37733,0 130.14879,33.37744,0 130.14879,33.37749,0 130.1488,33.37752,0 130.1488,33.37755,0 
					</coordinates>
				</LineString>
			</Placemark>
			<Placemark>
				<name>SS3/6 Amakawa TC</name>
				<visibility>0</visibility>
				<styleUrl>#msn_1_TC</styleUrl>
				<Point>
					<coordinates>130.150997,33.377056,0</coordinates>
				</Point>
			</Placemark>
			<Placemark>
				<name>SS3/6 Amakawa Start</name>
				<visibility>0</visibility>
				<styleUrl>#msn_2_Start9</styleUrl>
				<Point>
					<coordinates>130.148792,33.377551,0</coordinates>
				</Point>
			</Placemark>
			<Placemark>
				<name>Amakawa RP2</name>
				<visibility>0</visibility>
				<LookAt>
					<longitude>130.150077816986</longitude>
					<latitude>33.39574632351737</latitude>
					<altitude>0</altitude>
					<heading>-2.233996757399763</heading>
					<tilt>26.0895653266259</tilt>
					<range>419.3012873490849</range>
					<gx:altitudeMode>relativeToSeaFloor</gx:altitudeMode>
				</LookAt>
				<styleUrl>#msn_26_Chevron70</styleUrl>
				<Point>
					<gx:drawOrder>1</gx:drawOrder>
					<coordinates>130.149353,33.395334,0</coordinates>
				</Point>
			</Placemark>
			<Placemark>
				<name>Amakawa RP3</name>
				<visibility>0</visibility>
				<LookAt>
					<longitude>130.124627665907</longitude>
					<latitude>33.38444028708383</latitude>
					<altitude>0</altitude>
					<heading>-2.249667383746677</heading>
					<tilt>24.53326529882511</tilt>
					<range>417.357064514268</range>
					<gx:altitudeMode>relativeToSeaFloor</gx:altitudeMode>
				</LookAt>
				<styleUrl>#msn_26_Chevron</styleUrl>
				<Point>
					<gx:drawOrder>1</gx:drawOrder>
					<coordinates>130.125677,33.385124,0</coordinates>
				</Point>
			</Placemark>
			<Placemark>
				<name>Amakawa RP4</name>
				<visibility>0</visibility>
				<LookAt>
					<longitude>130.1342397849956</longitude>
					<latitude>33.37979251498529</latitude>
					<altitude>0</altitude>
					<heading>-2.244378695757562</heading>
					<tilt>24.53562915799424</tilt>
					<range>1051.145747232165</range>
					<gx:altitudeMode>relativeToSeaFloor</gx:altitudeMode>
				</LookAt>
				<styleUrl>#msn_26_Chevron110</styleUrl>
				<Point>
					<gx:drawOrder>1</gx:drawOrder>
					<coordinates>130.133547,33.379135,0</coordinates>
				</Point>
			</Placemark>
			<Placemark>
				<name>SS3/6 Amakawa FF</name>
				<visibility>0</visibility>
				<styleUrl>#msn_3_FF0</styleUrl>
				<Point>
					<coordinates>130.140216,33.366748,0</coordinates>
				</Point>
			</Placemark>
			<Placemark>
				<name>SS3/6 Amakawa Stop</name>
				<visibility>0</visibility>
				<styleUrl>#msn_4_Stop</styleUrl>
				<Point>
					<coordinates>130.139501,33.364362,0</coordinates>
				</Point>
			</Placemark>
			<Placemark>
				<name>SS3/6 Amanogawa</name>
				<visibility>0</visibility>
				<styleUrl>#line-1267FF-5000-nodesc7</styleUrl>
				<LineString>
					<tessellate>1</tessellate>
					<coordinates>
						130.1488,33.37755,0 130.14879,33.37757,0 130.14875,33.37774,0 130.14869,33.37792,0 130.14866,33.37795,0 130.14864,33.37798,0 130.1486,33.37802,0 130.14838,33.37818,0 130.14833,33.37825,0 130.14823,33.37852,0 130.1482,33.37857,0 130.14817,33.3786,0 130.14813,33.37866,0 130.14807,33.3787,0 130.14804,33.37873,0 130.14793,33.37878,0 130.14787,33.37882,0 130.14785,33.37882,0 130.1475,33.37899,0 130.14742,33.37906,0 130.14736,33.37915,0 130.14734,33.37921,0 130.14734,33.37929,0 130.14733,33.37933,0 130.14733,33.37937,0 130.14732,33.37938,0 130.14732,33.37939,0 130.1473,33.37943,0 130.14726,33.37947,0 130.14674,33.37973,0 130.14666,33.37975,0 130.14659,33.37975,0 130.14656,33.37974,0 130.14652,33.37974,0 130.14647,33.37972,0 130.14626,33.3797,0 130.14577,33.37971,0 130.14568,33.37969,0 130.14564,33.37966,0 130.14558,33.37963,0 130.14508,33.37929,0 130.14499,33.37921,0 130.14483,33.37893,0 130.14474,33.37883,0 130.14471,33.37881,0 130.14455,33.37877,0 130.14442,33.3788,0 130.14438,33.37882,0 130.14429,33.37889,0 130.14381,33.37942,0 130.14378,33.37948,0 130.14376,33.37954,0 130.14376,33.37974,0 130.14378,33.37988,0 130.1438,33.37993,0 130.14395,33.38015,0 130.14397,33.38023,0 130.14398,33.38032,0 130.14396,33.38042,0 130.14396,33.38047,0 130.14397,33.3805,0 130.14397,33.38052,0 130.14399,33.38059,0 130.14402,33.38062,0 130.14407,33.38065,0 130.14412,33.38067,0 130.14419,33.38068,0 130.14433,33.38074,0 130.14439,33.3808,0 130.14441,33.38087,0 130.14441,33.38091,0 130.14439,33.38096,0 130.14436,33.381,0 130.14432,33.38103,0 130.14427,33.38109,0 130.14424,33.38115,0 130.14423,33.38116,0 130.14421,33.38121,0 130.1442,33.3813,0 130.1442,33.38145,0 130.14422,33.38159,0 130.14425,33.38166,0 130.14427,33.38168,0 130.1443,33.38173,0 130.14458,33.38203,0 130.14476,33.38218,0 130.14487,33.38221,0 130.14557,33.38218,0 130.14561,33.38217,0 130.14566,33.38218,0 130.14571,33.38218,0 130.14579,33.3822,0 130.14583,33.38222,0 130.14586,33.38225,0 130.14589,33.3823,0 130.14589,33.38236,0 130.14587,33.38244,0 130.14585,33.38248,0 130.14582,33.38258,0 130.14582,33.38265,0 130.14585,33.3827,0 130.14592,33.38276,0 130.14596,33.38278,0 130.1461,33.38282,0 130.14614,33.38282,0 130.14617,33.38283,0 130.1462,33.38283,0 130.14623,33.38282,0 130.14625,33.38282,0 130.14649,33.38275,0 130.14658,33.38271,0 130.14665,33.38269,0 130.14666,33.38307,0 130.14668,33.38318,0 130.1467,33.38323,0 130.14671,33.38324,0 130.14672,33.38328,0 130.14678,33.38336,0 130.14691,33.38349,0 130.14695,33.38351,0 130.14709,33.38363,0 130.14719,33.38377,0 130.14722,33.38384,0 130.14736,33.38458,0 130.14736,33.38475,0 130.14732,33.38486,0 130.14726,33.38493,0 130.1471,33.38505,0 130.14694,33.38515,0 130.14678,33.38523,0 130.14663,33.38534,0 130.14653,33.38546,0 130.14648,33.3856,0 130.14635,33.38635,0 130.14634,33.38638,0 130.14633,33.38645,0 130.14631,33.38651,0 130.14626,33.38661,0 130.14596,33.387,0 130.14544,33.38752,0 130.14528,33.38771,0 130.1452,33.38785,0 130.14519,33.3879,0 130.14519,33.38794,0 130.14517,33.388,0 130.14514,33.38815,0 130.14514,33.38821,0 130.14516,33.38832,0 130.14524,33.38846,0 130.14531,33.38855,0 130.14549,33.38871,0 130.14551,33.38872,0 130.14588,33.389,0 130.14614,33.38917,0 130.14723,33.39009,0 130.14772,33.3904,0 130.14842,33.39078,0 130.14871,33.39091,0 130.1489,33.39096,0 130.14895,33.39098,0 130.149,33.39099,0 130.14908,33.39103,0 130.14913,33.39107,0 130.14915,33.39111,0 130.14918,33.39114,0 130.14936,33.39145,0 130.14952,33.39168,0 130.14959,33.39176,0 130.14998,33.39205,0 130.15002,33.3921,0 130.15012,33.39227,0 130.15029,33.39263,0 130.15034,33.3929,0 130.15034,33.39299,0 130.1503,33.39323,0 130.15021,33.39353,0 130.15012,33.39376,0 130.15009,33.39381,0 130.15,33.39391,0 130.14993,33.39401,0 130.14984,33.3943,0 130.14973,33.39448,0 130.14965,33.39455,0 130.14961,33.3946,0 130.14943,33.39476,0 130.14941,33.3948,0 130.14939,33.39482,0 130.14936,33.39491,0 130.14936,33.39526,0 130.14935,33.39535,0 130.14934,33.39537,0 130.14931,33.3954,0 130.14919,33.39548,0 130.14895,33.39561,0 130.14879,33.39568,0 130.14863,33.39578,0 130.14858,33.39583,0 130.1485,33.39594,0 130.14846,33.39597,0 130.14841,33.39603,0 130.14828,33.3961,0 130.14819,33.39612,0 130.1481,33.39616,0 130.1477,33.39629,0 130.14761,33.39631,0 130.14715,33.39636,0 130.14702,33.39636,0 130.14686,33.39632,0 130.14672,33.39626,0 130.14668,33.39623,0 130.14655,33.39616,0 130.14651,33.39612,0 130.14648,33.3961,0 130.14645,33.39606,0 130.14632,33.39582,0 130.1463,33.39581,0 130.14601,33.39548,0 130.14595,33.39537,0 130.14596,33.39512,0 130.14593,33.39501,0 130.14592,33.395,0 130.14592,33.39499,0 130.14583,33.39491,0 130.14575,33.39486,0 130.14557,33.39472,0 130.14553,33.3947,0 130.14538,33.39459,0 130.14534,33.39457,0 130.14521,33.39443,0 130.1451,33.39428,0 130.14507,33.39425,0 130.14484,33.39395,0 130.14446,33.39352,0 130.14438,33.3934,0 130.14421,33.39327,0 130.14404,33.39322,0 130.14379,33.39321,0 130.14365,33.39318,0 130.14343,33.39316,0 130.14333,33.39317,0 130.14288,33.39326,0 130.14279,33.39326,0 130.14264,33.3932,0 130.14257,33.39313,0 130.14238,33.3929,0 130.14229,33.39273,0 130.14215,33.39265,0 130.1421,33.39264,0 130.14199,33.39264,0 130.14183,33.39268,0 130.14162,33.39278,0 130.14161,33.39278,0 130.14127,33.3929,0 130.14121,33.39291,0 130.1409,33.393,0 130.14074,33.39303,0 130.14045,33.39303,0 130.14037,33.39302,0 130.14037,33.39301,0 130.1403,33.393,0 130.14006,33.393,0 130.13999,33.39301,0 130.13995,33.393,0 130.13991,33.393,0 130.13978,33.39295,0 130.13971,33.39291,0 130.1395,33.39274,0 130.13918,33.39244,0 130.13916,33.39241,0 130.13896,33.39225,0 130.13884,33.39219,0 130.13883,33.39219,0 130.13862,33.39213,0 130.13847,33.39213,0 130.13841,33.39214,0 130.13814,33.39215,0 130.13781,33.39219,0 130.13777,33.39221,0 130.13771,33.39222,0 130.13764,33.39226,0 130.13762,33.39229,0 130.13748,33.39277,0 130.13736,33.39295,0 130.13732,33.39298,0 130.13731,33.393,0 130.13724,33.39306,0 130.13717,33.39309,0 130.13716,33.3931,0 130.13707,33.3931,0 130.13703,33.39311,0 130.13695,33.3931,0 130.13688,33.39308,0 130.13682,33.39304,0 130.13675,33.39294,0 130.13673,33.39287,0 130.13664,33.39228,0 130.1366,33.39218,0 130.13653,33.39208,0 130.13648,33.39205,0 130.13641,33.39203,0 130.13623,33.39201,0 130.13617,33.39202,0 130.13594,33.39195,0 130.13578,33.39188,0 130.13578,33.39187,0 130.13566,33.3918,0 130.13552,33.3917,0 130.13541,33.3916,0 130.13534,33.39149,0 130.13534,33.39148,0 130.13533,33.39145,0 130.13531,33.39142,0 130.1353,33.39116,0 130.13524,33.39107,0 130.13518,33.39101,0 130.1351,33.39096,0 130.135,33.39092,0 130.13419,33.39068,0 130.13338,33.39048,0 130.13323,33.39042,0 130.13314,33.39036,0 130.13313,33.39036,0 130.13304,33.39029,0 130.13289,33.39012,0 130.13286,33.3901,0 130.13235,33.38954,0 130.13234,33.38952,0 130.13208,33.38922,0 130.13193,33.38911,0 130.13156,33.38895,0 130.13155,33.38894,0 130.13017,33.38846,0 130.13016,33.38845,0 130.12993,33.38836,0 130.12976,33.38832,0 130.12956,33.3883,0 130.12943,33.3883,0 130.12917,33.3884,0 130.12915,33.38842,0 130.129,33.38852,0 130.12851,33.3889,0 130.12845,33.38884,0 130.12837,33.3888,0 130.12826,33.38877,0 130.12816,33.38877,0 130.12791,33.38874,0 130.12783,33.38871,0 130.12778,33.38868,0 130.1277,33.38856,0 130.12765,33.38843,0 130.12761,33.38821,0 130.1275,33.38799,0 130.12743,33.38789,0 130.12732,33.38778,0 130.12726,33.38768,0 130.12724,33.38758,0 130.12724,33.38752,0 130.12723,33.3875,0 130.1272,33.38737,0 130.12708,33.38719,0 130.12706,33.38717,0 130.12674,33.38669,0 130.12669,33.38659,0 130.12667,33.38653,0 130.12667,33.38651,0 130.12661,33.38634,0 130.12652,33.38624,0 130.12648,33.38622,0 130.1263,33.38608,0 130.12625,33.38602,0 130.12619,33.38597,0 130.12612,33.38585,0 130.12608,33.3858,0 130.12604,33.38573,0 130.12578,33.38542,0 130.12571,33.3853,0 130.12567,33.38513,0 130.1257,33.385,0 130.1257,33.38489,0 130.12568,33.38482,0 130.12566,33.38478,0 130.12559,33.38469,0 130.12552,33.38462,0 130.1254,33.38454,0 130.12531,33.3845,0 130.12512,33.38446,0 130.12502,33.38446,0 130.12497,33.38445,0 130.12491,33.38445,0 130.12481,33.38443,0 130.12476,33.38441,0 130.12456,33.3843,0 130.12408,33.38394,0 130.124,33.38383,0 130.12394,33.38366,0 130.12394,33.38358,0 130.12396,33.3835,0 130.12404,33.38334,0 130.12413,33.38322,0 130.12422,33.38296,0 130.12422,33.38293,0 130.12423,33.3829,0 130.12424,33.38278,0 130.1242,33.38267,0 130.12418,33.38265,0 130.12416,33.38264,0 130.12413,33.38261,0 130.12412,33.38261,0 130.12408,33.38259,0 130.12394,33.38255,0 130.12365,33.38252,0 130.12349,33.38252,0 130.12343,33.38251,0 130.12329,33.38253,0 130.12313,33.38258,0 130.12307,33.38259,0 130.1229,33.38264,0 130.12283,33.38264,0 130.12279,33.38263,0 130.12271,33.38263,0 130.1226,33.38266,0 130.12187,33.38301,0 130.12179,33.38308,0 130.12164,33.38317,0 130.1215,33.38323,0 130.12137,33.38327,0 130.12129,33.38327,0 130.12122,33.38325,0 130.12119,33.38325,0 130.12116,33.38323,0 130.12113,33.38322,0 130.12058,33.38285,0 130.12044,33.38279,0 130.12019,33.38273,0 130.12017,33.38272,0 130.12002,33.38269,0 130.11998,33.38269,0 130.11983,33.38266,0 130.11965,33.38259,0 130.11954,33.38248,0 130.11949,33.38241,0 130.11942,33.38226,0 130.11939,33.38222,0 130.11938,33.38219,0 130.11933,33.38215,0 130.1193,33.38211,0 130.11923,33.38206,0 130.11916,33.38199,0 130.11909,33.38188,0 130.11908,33.38183,0 130.11906,33.38178,0 130.11901,33.38171,0 130.11894,33.38164,0 130.11894,33.38163,0 130.11881,33.38157,0 130.11877,33.38156,0 130.11875,33.38155,0 130.11853,33.38154,0 130.11851,33.38153,0 130.11844,33.38153,0 130.1183,33.38148,0 130.11819,33.38141,0 130.1181,33.38131,0 130.11806,33.38128,0 130.11801,33.38126,0 130.11796,33.38123,0 130.11788,33.38121,0 130.11779,33.38121,0 130.11772,33.38122,0 130.11762,33.38122,0 130.11759,33.38121,0 130.11754,33.38121,0 130.11742,33.38119,0 130.11732,33.38114,0 130.11723,33.38106,0 130.11716,33.38094,0 130.11716,33.38092,0 130.11715,33.38089,0 130.11715,33.38087,0 130.11716,33.38084,0 130.11718,33.38071,0 130.11723,33.38053,0 130.11725,33.3804,0 130.11724,33.38038,0 130.11722,33.38036,0 130.11721,33.38034,0 130.11707,33.38023,0 130.11691,33.38016,0 130.11674,33.38012,0 130.11668,33.38009,0 130.11667,33.38009,0 130.1165,33.37999,0 130.11619,33.37974,0 130.11608,33.37967,0 130.11596,33.37963,0 130.11592,33.37959,0 130.11585,33.37955,0 130.11577,33.37945,0 130.11574,33.37938,0 130.11574,33.37934,0 130.11573,33.3793,0 130.11573,33.37921,0 130.11574,33.37914,0 130.11579,33.37898,0 130.11579,33.37897,0 130.116,33.37848,0 130.11603,33.37843,0 130.11612,33.37833,0 130.11613,33.37833,0 130.11624,33.37825,0 130.11683,33.37791,0 130.11685,33.37789,0 130.11699,33.37783,0 130.11705,33.37782,0 130.11711,33.3778,0 130.11723,33.3778,0 130.11744,33.37784,0 130.11754,33.37788,0 130.11775,33.37799,0 130.11781,33.37801,0 130.11796,33.37803,0 130.11803,33.37803,0 130.11807,33.37802,0 130.11828,33.37802,0 130.11838,33.37804,0 130.11845,33.37807,0 130.11849,33.37808,0 130.11879,33.37826,0 130.1188,33.37827,0 130.11915,33.37847,0 130.11916,33.37847,0 130.11932,33.37853,0 130.11935,33.37855,0 130.11943,33.37858,0 130.11948,33.37859,0 130.11956,33.37859,0 130.11961,33.37857,0 130.11963,33.37857,0 130.1197,33.37855,0 130.11981,33.37849,0 130.11984,33.37846,0 130.11989,33.37839,0 130.11993,33.37831,0 130.11994,33.37825,0 130.11996,33.37821,0 130.12001,33.37804,0 130.12006,33.3778,0 130.12007,33.37768,0 130.12007,33.37694,0 130.12009,33.37677,0 130.12009,33.37668,0 130.12012,33.3765,0 130.12016,33.3764,0 130.1203,33.37618,0 130.12039,33.37601,0 130.12043,33.37596,0 130.12068,33.37552,0 130.12069,33.37549,0 130.12069,33.37547,0 130.1207,33.37545,0 130.1207,33.37499,0 130.12071,33.3749,0 130.12074,33.37481,0 130.12085,33.37464,0 130.12088,33.37463,0 130.12093,33.37459,0 130.12115,33.37451,0 130.12129,33.37444,0 130.12149,33.37428,0 130.12156,33.37413,0 130.12161,33.37397,0 130.1217,33.37358,0 130.12172,33.37354,0 130.12179,33.37344,0 130.12185,33.37339,0 130.12202,33.37334,0 130.12215,33.37333,0 130.1222,33.37331,0 130.1223,33.37325,0 130.12234,33.3732,0 130.12245,33.37311,0 130.12259,33.37303,0 130.12273,33.37301,0 130.12284,33.37301,0 130.12299,33.37305,0 130.12302,33.37305,0 130.1231,33.37308,0 130.12326,33.37308,0 130.12359,33.37302,0 130.12387,33.37294,0 130.12394,33.37289,0 130.12399,33.37284,0 130.12401,33.37281,0 130.12404,33.37273,0 130.12405,33.37267,0 130.12407,33.37262,0 130.12414,33.37251,0 130.12421,33.37252,0 130.12435,33.37257,0 130.12444,33.37262,0 130.1245,33.37268,0 130.12452,33.37271,0 130.12453,33.37276,0 130.12454,33.37278,0 130.12455,33.37286,0 130.12456,33.37286,0 130.12457,33.37293,0 130.12457,33.37299,0 130.12459,33.37303,0 130.1246,33.37304,0 130.1246,33.37305,0 130.12464,33.37307,0 130.12466,33.37309,0 130.12473,33.37312,0 130.12485,33.37312,0 130.12497,33.37307,0 130.125,33.37307,0 130.12514,33.37317,0 130.12514,33.37318,0 130.1253,33.37339,0 130.12542,33.37349,0 130.12543,33.37349,0 130.12545,33.37351,0 130.12547,33.37351,0 130.12549,33.37352,0 130.12552,33.37352,0 130.12554,33.37351,0 130.12557,33.37351,0 130.12563,33.37349,0 130.12575,33.37343,0 130.12617,33.37312,0 130.12619,33.37312,0 130.12624,33.37309,0 130.12639,33.37309,0 130.12657,33.37313,0 130.12659,33.37314,0 130.12677,33.37317,0 130.1268,33.37318,0 130.12695,33.3732,0 130.12714,33.3732,0 130.12718,33.37319,0 130.12721,33.37317,0 130.12722,33.37317,0 130.12742,33.37288,0 130.12745,33.37282,0 130.12749,33.37268,0 130.12749,33.37267,0 130.12751,33.37262,0 130.12751,33.3726,0 130.12753,33.37256,0 130.1276,33.37248,0 130.12765,33.37245,0 130.12768,33.37245,0 130.12771,33.37244,0 130.12783,33.37244,0 130.12791,33.37245,0 130.12805,33.37251,0 130.12812,33.37253,0 130.12823,33.37253,0 130.12834,33.37248,0 130.12835,33.37247,0 130.12847,33.3724,0 130.12863,33.37236,0 130.12873,33.37231,0 130.12874,33.37231,0 130.12887,33.37222,0 130.12897,33.3722,0 130.129,33.3722,0 130.12905,33.37219,0 130.12919,33.37219,0 130.12931,33.37223,0 130.12938,33.37227,0 130.12946,33.37233,0 130.12948,33.37236,0 130.12951,33.37239,0 130.12952,33.37241,0 130.12954,33.37249,0 130.12956,33.37252,0 130.12956,33.37253,0 130.12957,33.37255,0 130.12957,33.37262,0 130.12954,33.37267,0 130.12953,33.3727,0 130.1295,33.37274,0 130.12947,33.37282,0 130.12947,33.37289,0 130.12948,33.37293,0 130.12954,33.37304,0 130.12961,33.37313,0 130.12967,33.37318,0 130.12967,33.37319,0 130.1297,33.3732,0 130.12971,33.37321,0 130.12973,33.37322,0 130.12977,33.37322,0 130.12981,33.37323,0 130.1299,33.37322,0 130.12998,33.3732,0 130.13003,33.37317,0 130.13005,33.37314,0 130.13007,33.37313,0 130.1301,33.3731,0 130.13018,33.37297,0 130.1303,33.3729,0 130.13049,33.37283,0 130.13056,33.37282,0 130.13059,33.37281,0 130.13064,33.37281,0 130.13068,33.37282,0 130.1307,33.37282,0 130.13072,33.37283,0 130.13076,33.37287,0 130.1308,33.37293,0 130.13091,33.37304,0 130.13103,33.3731,0 130.13104,33.3731,0 130.13113,33.37314,0 130.13115,33.37316,0 130.13117,33.37317,0 130.13119,33.37319,0 130.1312,33.37321,0 130.1312,33.37322,0 130.13127,33.37334,0 130.1313,33.37337,0 130.13131,33.37339,0 130.13133,33.37341,0 130.13162,33.37355,0 130.13174,33.37363,0 130.1318,33.37369,0 130.13186,33.37377,0 130.13194,33.37384,0 130.13212,33.37386,0 130.13215,33.37387,0 130.13218,33.37387,0 130.13221,33.37388,0 130.13227,33.37393,0 130.13228,33.37396,0 130.13229,33.37397,0 130.1323,33.37399,0 130.1323,33.37401,0 130.13231,33.37403,0 130.1323,33.37413,0 130.13224,33.37426,0 130.13222,33.37433,0 130.13222,33.37437,0 130.13228,33.37456,0 130.13228,33.37465,0 130.13229,33.3747,0 130.13238,33.37486,0 130.13238,33.37491,0 130.13236,33.37495,0 130.13234,33.37497,0 130.13219,33.37506,0 130.13216,33.3751,0 130.13214,33.37516,0 130.13214,33.37518,0 130.13213,33.37522,0 130.13213,33.37535,0 130.13216,33.3754,0 130.13234,33.37557,0 130.13237,33.37564,0 130.13237,33.37567,0 130.13236,33.37569,0 130.13236,33.37571,0 130.1323,33.37577,0 130.13225,33.37584,0 130.13223,33.37588,0 130.13218,33.37611,0 130.13215,33.37642,0 130.13216,33.37645,0 130.13216,33.37648,0 130.13219,33.37654,0 130.13222,33.37657,0 130.13224,33.37657,0 130.13228,33.37658,0 130.13241,33.37659,0 130.13245,33.37658,0 130.13252,33.37658,0 130.13255,33.37657,0 130.13266,33.37657,0 130.13268,33.37658,0 130.13269,33.37659,0 130.1327,33.37659,0 130.13271,33.3766,0 130.13274,33.37666,0 130.13274,33.37669,0 130.13284,33.37713,0 130.13284,33.37716,0 130.13285,33.3772,0 130.13288,33.37725,0 130.1329,33.37727,0 130.13296,33.3773,0 130.13301,33.37731,0 130.13308,33.37731,0 130.13311,33.3773,0 130.13314,33.3773,0 130.13316,33.37729,0 130.13323,33.37729,0 130.13325,33.3773,0 130.13326,33.3773,0 130.13328,33.37732,0 130.13329,33.37734,0 130.13331,33.37736,0 130.13331,33.37737,0 130.13332,33.37739,0 130.13332,33.37745,0 130.13331,33.37746,0 130.13331,33.37747,0 130.13311,33.37774,0 130.13311,33.37775,0 130.13309,33.37779,0 130.13309,33.37781,0 130.13308,33.37783,0 130.13308,33.37792,0 130.13309,33.37794,0 130.13309,33.37798,0 130.13311,33.37803,0 130.13314,33.37807,0 130.1332,33.37813,0 130.13325,33.37816,0 130.13333,33.37819,0 130.13335,33.37819,0 130.1335,33.37828,0 130.13351,33.37828,0 130.13367,33.37839,0 130.13371,33.37843,0 130.13374,33.3785,0 130.13374,33.37855,0 130.13372,33.37862,0 130.13372,33.37865,0 130.13369,33.37869,0 130.13367,33.37873,0 130.13367,33.37874,0 130.13365,33.37878,0 130.13359,33.37883,0 130.13345,33.3789,0 130.13341,33.37894,0 130.13341,33.37898,0 130.13342,33.37899,0 130.13342,33.379,0 130.13344,33.37906,0 130.13352,33.37915,0 130.13359,33.3792,0 130.13374,33.37899,0 130.13381,33.37892,0 130.1339,33.37889,0 130.13396,33.37889,0 130.13404,33.37891,0 130.13405,33.37892,0 130.13413,33.37897,0 130.1342,33.37907,0 130.13427,33.37913,0 130.13431,33.37915,0 130.13438,33.37917,0 130.13447,33.37917,0 130.1345,33.37916,0 130.13453,33.37914,0 130.13456,33.37911,0 130.13467,33.37905,0 130.13484,33.37899,0 130.13494,33.37892,0 130.13502,33.37885,0 130.13531,33.37854,0 130.13537,33.37843,0 130.13539,33.37829,0 130.13542,33.37818,0 130.13542,33.37817,0 130.13544,33.3781,0 130.13547,33.37805,0 130.13558,33.37796,0 130.13572,33.37739,0 130.13574,33.37734,0 130.13577,33.37721,0 130.13585,33.37699,0 130.13591,33.37687,0 130.13592,33.37682,0 130.13595,33.37674,0 130.13598,33.37669,0 130.13598,33.37667,0 130.13599,33.37665,0 130.13599,33.37663,0 130.136,33.37659,0 130.13598,33.37652,0 130.13591,33.37642,0 130.13588,33.37632,0 130.13587,33.37631,0 130.13583,33.37613,0 130.13583,33.37607,0 130.13565,33.37563,0 130.13563,33.37553,0 130.13563,33.37534,0 130.13562,33.3753,0 130.13562,33.37527,0 130.13563,33.37526,0 130.13567,33.37493,0 130.13572,33.37469,0 130.13572,33.37467,0 130.13574,33.3746,0 130.13574,33.37455,0 130.13573,33.37453,0 130.13573,33.37449,0 130.13567,33.37434,0 130.13566,33.37429,0 130.13567,33.37407,0 130.13566,33.37403,0 130.13564,33.37399,0 130.13563,33.37399,0 130.13561,33.37393,0 130.13553,33.37383,0 130.13543,33.37374,0 130.13528,33.37357,0 130.1352,33.37343,0 130.13519,33.37338,0 130.13518,33.37337,0 130.13518,33.37331,0 130.13517,33.37325,0 130.13518,33.3732,0 130.13518,33.37306,0 130.13517,33.37301,0 130.13515,33.37296,0 130.13512,33.37292,0 130.1351,33.37288,0 130.13489,33.37266,0 130.13472,33.37242,0 130.13472,33.37241,0 130.13455,33.37209,0 130.13447,33.37197,0 130.13441,33.3719,0 130.1343,33.37168,0 130.13424,33.37161,0 130.13424,33.37159,0 130.13419,33.3715,0 130.13418,33.37143,0 130.13418,33.37127,0 130.13417,33.37125,0 130.13415,33.37114,0 130.13408,33.37101,0 130.13401,33.37093,0 130.13432,33.37079,0 130.13453,33.37067,0 130.13463,33.37056,0 130.13465,33.37052,0 130.13465,33.37049,0 130.13466,33.37046,0 130.13466,33.3704,0 130.13462,33.3702,0 130.13462,33.37012,0 130.13464,33.37003,0 130.13468,33.36993,0 130.13469,33.36986,0 130.13468,33.3697,0 130.13467,33.36968,0 130.13466,33.36959,0 130.13469,33.36945,0 130.13471,33.36941,0 130.13482,33.36926,0 130.13494,33.36913,0 130.13499,33.36905,0 130.13501,33.369,0 130.13504,33.36885,0 130.13511,33.36867,0 130.13517,33.3686,0 130.13533,33.3685,0 130.13541,33.36848,0 130.13543,33.36847,0 130.13557,33.36845,0 130.13643,33.36846,0 130.13655,33.36844,0 130.1367,33.36838,0 130.13688,33.36825,0 130.1372,33.36797,0 130.13733,33.36791,0 130.13734,33.3679,0 130.13741,33.36788,0 130.13755,33.36788,0 130.13784,33.36791,0 130.13852,33.36805,0 130.13872,33.36812,0 130.13876,33.36815,0 130.13885,33.36825,0 130.13898,33.36849,0 130.13905,33.36854,0 130.13908,33.36857,0 130.13918,33.36863,0 130.13927,33.36866,0 130.1393,33.36866,0 130.13934,33.36867,0 130.13946,33.36867,0 130.1395,33.36866,0 130.13952,33.36866,0 130.13962,33.36863,0 130.13979,33.36854,0 130.1399,33.36844,0 130.13992,33.36841,0 130.13995,33.36829,0 130.13998,33.36801,0 130.13998,33.36792,0 130.14012,33.36718,0 130.14015,33.3671,0 130.14015,33.36707,0 130.14018,33.3669,0 130.14018,33.36681,0 130.14017,33.36675,0 130.14017,33.36671,0 130.14011,33.36655,0 130.1401,33.36654,0 130.14002,33.36637,0 130.14001,33.36636,0 130.13987,33.36607,0 130.13985,33.36601,0 130.13983,33.36585,0 130.13983,33.36556,0 130.13981,33.36541,0 130.1397,33.3649,0 130.13968,33.36486,0 130.13967,33.36482,0 130.13954,33.36459,0 130.1395,33.36448,0 130.1395,33.3644,0 130.13951,33.36436,0 
					</coordinates>
				</LineString>
			</Placemark>
			<Placemark>
				<name>Liaison4</name>
				<visibility>0</visibility>
				<styleUrl>#line-1267FF-5000-nodesc01</styleUrl>
				<LineString>
					<tessellate>1</tessellate>
					<coordinates>
						130.1394994377956,33.364396383025,0 130.1395551032463,33.36426309377527,0 130.13967,33.36415,0 130.1397,33.36413,0 130.13975,33.36411,0 130.13986,33.36409,0 130.13987,33.36408,0 130.14008,33.36404,0 130.14004,33.36389,0 130.14002,33.36377,0 130.13999,33.36365,0 130.13995,33.36354,0 130.13968,33.36307,0 130.13967,33.36306,0 130.1392,33.36237,0 130.1391,33.3622,0 130.13869,33.36162,0 130.13759,33.36058,0 130.13757,33.36057,0 130.13741,33.36044,0 130.13739,33.36043,0 130.13725,33.36032,0 130.13685,33.36006,0 130.13654,33.35983,0 130.13641,33.35971,0 130.13628,33.35956,0 130.13613,33.3593,0 130.13588,33.35897,0 130.13576,33.35885,0 130.13477,33.35802,0 130.13471,33.35795,0 130.13464,33.35785,0 130.13451,33.35758,0 130.1345,33.35757,0 130.13443,33.35711,0 130.13443,33.35704,0 130.13441,33.35694,0 130.13438,33.35669,0 130.13433,33.35657,0 130.13425,33.35644,0 130.1342,33.35638,0 130.13409,33.35628,0 130.13403,33.35624,0 130.13401,33.35622,0 130.13379,33.35607,0 130.13375,33.35605,0 130.13302,33.35553,0 130.133,33.35552,0 130.13242,33.35509,0 130.13225,33.35498,0 130.13222,33.35495,0 130.13193,33.35474,0 130.13192,33.35474,0 130.13176,33.35464,0 130.13175,33.35464,0 130.1317,33.35461,0 130.13162,33.35458,0 130.13156,33.35455,0 130.13154,33.35455,0 130.13105,33.35439,0 130.13097,33.35435,0 130.13096,33.35435,0 130.13083,33.35428,0 130.13076,33.35423,0 130.13072,33.35418,0 130.13067,33.35414,0 130.13056,33.35397,0 130.13038,33.3536,0 130.13033,33.35352,0 130.13023,33.35339,0 130.12998,33.35316,0 130.12983,33.353,0 130.12978,33.35293,0 130.12974,33.35289,0 130.1297,33.35282,0 130.12967,33.35275,0 130.12966,33.3527,0 130.12964,33.35264,0 130.12963,33.35256,0 130.12963,33.35235,0 130.12964,33.35231,0 130.12964,33.35218,0 130.12965,33.3521,0 130.12963,33.35202,0 130.12962,33.35194,0 130.12955,33.3518,0 130.12951,33.35175,0 130.12939,33.35164,0 130.12918,33.35154,0 130.12851,33.3513,0 130.12843,33.35128,0 130.12818,33.35119,0 130.12796,33.35115,0 130.12783,33.35115,0 130.12738,33.35125,0 130.12721,33.35131,0 130.12709,33.35134,0 130.12686,33.35137,0 130.12655,33.35133,0 130.12623,33.35126,0 130.12602,33.35123,0 130.12594,33.35123,0 130.12583,33.35124,0 130.12573,33.35124,0 130.12562,33.35125,0 130.12558,33.35126,0 130.12537,33.35128,0 130.12497,33.35138,0 130.12496,33.35139,0 130.12476,33.35145,0 130.1246,33.35151,0 130.12438,33.35155,0 130.12426,33.35155,0 130.12416,33.35153,0 130.12403,33.35148,0 130.12392,33.3514,0 130.1239,33.35137,0 130.12386,33.35133,0 130.1238,33.35121,0 130.12375,33.35104,0 130.12373,33.35087,0 130.12372,33.35085,0 130.1237,33.35077,0 130.12363,33.3506,0 130.12359,33.35055,0 130.12356,33.3505,0 130.12345,33.35039,0 130.12298,33.35002,0 130.12282,33.34988,0 130.1226,33.34972,0 130.12253,33.34966,0 130.1223,33.34954,0 130.12213,33.34947,0 130.12189,33.34939,0 130.12182,33.34938,0 130.12171,33.34938,0 130.12168,33.34939,0 130.12166,33.34939,0 130.12161,33.34941,0 130.1215,33.34947,0 130.12149,33.34948,0 130.12144,33.34951,0 130.12121,33.34973,0 130.1212,33.34973,0 130.12112,33.34981,0 130.12095,33.3499,0 130.12094,33.3499,0 130.12072,33.34998,0 130.12062,33.35,0 130.12032,33.35009,0 130.12025,33.35012,0 130.1201,33.35022,0 130.12005,33.35027,0 130.11995,33.35039,0 130.11991,33.35046,0 130.11988,33.35064,0 130.11988,33.35071,0 130.1199,33.35083,0 130.11992,33.35088,0 130.11992,33.35089,0 130.11995,33.35094,0 130.11999,33.35103,0 130.11999,33.35105,0 130.12007,33.3512,0 130.12007,33.35122,0 130.1201,33.35126,0 130.12012,33.35132,0 130.12015,33.35138,0 130.1202,33.3516,0 130.1202,33.35174,0 130.12019,33.35177,0 130.12018,33.35185,0 130.12016,33.35191,0 130.12009,33.35203,0 130.12005,33.35208,0 130.12,33.35213,0 130.11989,33.35222,0 130.11968,33.35231,0 130.11965,33.35231,0 130.11959,33.35233,0 130.11953,33.35233,0 130.11944,33.35234,0 130.11926,33.35232,0 130.11907,33.35228,0 130.11905,33.35227,0 130.11898,33.35226,0 130.11885,33.35221,0 130.11885,33.3522,0 130.11881,33.35219,0 130.11877,33.35216,0 130.11872,33.35214,0 130.11867,33.3521,0 130.11856,33.35199,0 130.11788,33.35109,0 130.11776,33.35096,0 130.11772,33.35093,0 130.11767,33.35088,0 130.11765,33.35087,0 130.11761,33.35084,0 130.11758,33.35083,0 130.11755,33.35081,0 130.11748,33.35079,0 130.11747,33.35078,0 130.11728,33.35074,0 130.11717,33.35074,0 130.11665,33.3507,0 130.11658,33.35067,0 130.11645,33.35063,0 130.11631,33.35056,0 130.11595,33.35035,0 130.11583,33.3503,0 130.11576,33.35028,0 130.11563,33.35026,0 130.11552,33.35026,0 130.11536,33.3503,0 130.11521,33.35037,0 130.11486,33.35056,0 130.11471,33.35063,0 130.11468,33.35065,0 130.11445,33.35076,0 130.11429,33.3508,0 130.11424,33.3508,0 130.11405,33.35082,0 130.11392,33.35081,0 130.11364,33.35082,0 130.11358,33.35083,0 130.11336,33.35091,0 130.11302,33.35113,0 130.11298,33.35117,0 130.11296,33.3512,0 130.11294,33.35122,0 130.11294,33.35126,0 130.11293,33.35132,0 130.1129,33.35139,0 130.11288,33.35141,0 130.11287,33.35145,0 130.11285,33.35147,0 130.11282,33.35148,0 130.1128,33.3515,0 130.11276,33.35151,0 130.11271,33.35153,0 130.1126,33.35153,0 130.11234,33.35155,0 130.11209,33.35155,0 130.11196,33.35153,0 130.11188,33.35149,0 130.11181,33.35144,0 130.11174,33.3514,0 130.11166,33.35138,0 130.11159,33.35138,0 130.11158,33.35139,0 130.11156,33.35139,0 130.11154,33.3514,0 130.1115,33.35141,0 130.11125,33.35158,0 130.11069,33.3519,0 130.11054,33.35196,0 130.11038,33.35199,0 130.11032,33.35199,0 130.11025,33.352,0 130.1102,33.352,0 130.11016,33.35201,0 130.11012,33.35203,0 130.11001,33.35206,0 130.10995,33.35207,0 130.10992,33.35208,0 130.10985,33.35208,0 130.10978,33.35209,0 130.10967,33.35209,0 130.10954,33.35211,0 130.10946,33.35211,0 130.10941,33.3521,0 130.10937,33.3521,0 130.10934,33.35209,0 130.10932,33.35207,0 130.10932,33.35206,0 130.10931,33.35204,0 130.10931,33.35201,0 130.10932,33.35199,0 130.10936,33.35195,0 130.10938,33.35195,0 130.10939,33.35194,0 130.10947,33.35194,0 130.10954,33.35195,0 130.10964,33.35195,0 130.11028,33.35183,0 130.11049,33.35177,0 130.11062,33.35172,0 130.11074,33.35164,0 130.1113,33.3512,0 130.11133,33.35117,0 130.11136,33.35113,0 130.11141,33.35109,0 130.11149,33.35104,0 130.11211,33.35078,0 130.11226,33.35068,0 130.11232,33.35062,0 130.11237,33.35058,0 130.11241,33.35056,0 130.1125,33.3505,0 130.11275,33.35036,0 130.11334,33.35009,0 130.11383,33.34982,0 130.11452,33.34939,0 130.11463,33.34931,0 130.11468,33.34926,0 130.11486,33.34912,0 130.11498,33.34905,0 130.11508,33.34902,0 130.11519,33.349,0 130.11524,33.34898,0 130.11525,33.34896,0 130.11529,33.34891,0 130.11532,33.34884,0 130.11533,33.34879,0 130.11533,33.34871,0 130.11532,33.34866,0 130.11531,33.34866,0 130.1153,33.34862,0 130.11513,33.34833,0 130.115,33.34808,0 130.11488,33.34788,0 130.11479,33.34769,0 130.11466,33.34746,0 130.11461,33.3473,0 130.11461,33.34715,0 130.11463,33.34705,0 130.11465,33.34699,0 130.11465,33.34698,0 130.11472,33.34676,0 130.11477,33.34664,0 130.11482,33.34644,0 130.11482,33.34633,0 130.11481,33.34629,0 130.11481,33.34625,0 130.11479,33.34615,0 130.11471,33.34595,0 130.1147,33.34594,0 130.11468,33.3459,0 130.1145,33.34563,0 130.11445,33.34557,0 130.11422,33.34536,0 130.11422,33.34535,0 130.11392,33.3451,0 130.11375,33.345,0 130.1137,33.34498,0 130.11356,33.34496,0 130.1131,33.34495,0 130.11309,33.34496,0 130.11279,33.34491,0 130.11258,33.34483,0 130.1125,33.34478,0 130.11248,33.34478,0 130.11189,33.34441,0 130.11182,33.34435,0 130.11177,33.34428,0 130.11167,33.3441,0 130.11165,33.34404,0 130.11164,33.34397,0 130.11164,33.34387,0 130.11166,33.34373,0 130.11173,33.34355,0 130.11181,33.34341,0 130.11193,33.34308,0 130.112,33.34277,0 130.11203,33.34254,0 130.11204,33.3425,0 130.11204,33.34239,0 130.112,33.34213,0 130.11186,33.34192,0 130.11181,33.34183,0 130.11179,33.34171,0 130.11179,33.34166,0 130.1118,33.34162,0 130.1118,33.34161,0 130.11182,33.34156,0 130.11188,33.34145,0 130.11189,33.34144,0 130.11195,33.34134,0 130.11205,33.3411,0 130.11203,33.34104,0 130.11201,33.34092,0 130.11192,33.34072,0 130.11175,33.34045,0 130.11169,33.34033,0 130.11166,33.34023,0 130.11165,33.34022,0 130.11163,33.34009,0 130.11163,33.33994,0 130.11164,33.33985,0 130.11183,33.33918,0 130.11184,33.33916,0 130.11188,33.33893,0 130.11188,33.33882,0 130.11187,33.33871,0 130.11187,33.33858,0 130.11183,33.33839,0 130.1118,33.3383,0 130.11169,33.33811,0 130.11165,33.33807,0 130.11159,33.33799,0 130.11145,33.33786,0 130.11136,33.33779,0 130.11116,33.33766,0 130.111,33.3376,0 130.10985,33.33726,0 130.10974,33.33722,0 130.10969,33.33719,0 130.10965,33.33718,0 130.10944,33.33705,0 130.10926,33.33689,0 130.10891,33.33646,0 130.10851,33.33604,0 130.10807,33.3355,0 130.10788,33.33531,0 130.10749,33.33506,0 130.10584,33.33412,0 130.10555,33.33398,0 130.10533,33.33392,0 130.10516,33.3339,0 130.10493,33.33391,0 130.10441,33.33399,0 130.10436,33.33399,0 130.10363,33.33411,0 130.10355,33.33411,0 130.10349,33.33412,0 130.10333,33.33412,0 130.10328,33.33411,0 130.10322,33.33411,0 130.10309,33.33407,0 130.10303,33.33404,0 130.10297,33.33402,0 130.10287,33.33396,0 130.10277,33.33386,0 130.10274,33.33379,0 130.10272,33.33362,0 130.10272,33.33339,0 130.10271,33.33326,0 130.1027,33.33321,0 130.10269,33.33303,0 130.10264,33.33273,0 130.10264,33.33267,0 130.10261,33.33241,0 130.10261,33.33235,0 130.10262,33.33231,0 130.10262,33.33229,0 130.10265,33.33213,0 130.10239,33.33097,0 130.10239,33.33095,0 130.10233,33.33079,0 130.10233,33.33078,0 130.10225,33.33059,0 130.10218,33.33046,0 130.10215,33.33039,0 130.10209,33.33019,0 130.10206,33.33013,0 130.10203,33.33009,0 130.10203,33.33008,0 130.10197,33.33001,0 130.10181,33.32991,0 130.10176,33.32987,0 130.10146,33.32974,0 130.10144,33.32974,0 130.10101,33.32961,0 130.10087,33.32954,0 130.10079,33.32949,0 130.10063,33.32934,0 130.10052,33.32921,0 130.10049,33.32915,0 130.10033,33.32894,0 130.10014,33.32876,0 130.1,33.32867,0 130.09999,33.32866,0 130.09995,33.32864,0 130.09969,33.32856,0 130.0995,33.32854,0 130.09845,33.32859,0 130.09769,33.32866,0 130.09757,33.32868,0 130.09755,33.32869,0 130.09736,33.32874,0 130.09657,33.32906,0 130.09653,33.32907,0 130.09631,33.32916,0 130.09624,33.32918,0 130.09616,33.32919,0 130.09609,33.32919,0 130.09604,33.3292,0 130.09589,33.32918,0 130.09583,33.32915,0 130.09577,33.32913,0 130.09571,33.3291,0 130.09543,33.32885,0 130.09534,33.32875,0 130.09394,33.32677,0 130.09378,33.32666,0 130.09377,33.32665,0 130.0936,33.32656,0 130.09359,33.32656,0 130.0934,33.32648,0 130.0932,33.32642,0 130.09319,33.32641,0 130.09301,33.32636,0 130.093,33.32636,0 130.09247,33.32621,0 130.09224,33.32611,0 130.0921,33.32602,0 130.09202,33.32593,0 130.09193,33.3258,0 130.09193,33.32578,0 130.09186,33.32566,0 130.09185,33.32563,0 130.09163,33.32516,0 130.09162,33.32513,0 130.09153,33.325,0 130.0915,33.32498,0 130.09147,33.32494,0 130.09141,33.32488,0 130.09135,33.32484,0 130.09124,33.32479,0 130.09117,33.32477,0 130.09099,33.32474,0 130.09028,33.32474,0 130.09006,33.32472,0 130.0899,33.32466,0 130.08989,33.32466,0 130.08984,33.32463,0 130.08978,33.32461,0 130.08975,33.32458,0 130.08972,33.32456,0 130.0897,33.32454,0 130.08963,33.32444,0 130.08957,33.32431,0 130.08955,33.32423,0 130.08955,33.32422,0 130.0895,33.32405,0 130.0895,33.32404,0 130.08946,33.32387,0 130.08939,33.32365,0 130.08934,33.32353,0 130.08931,33.3235,0 130.08924,33.32341,0 130.08915,33.32333,0 130.08912,33.32332,0 130.08909,33.3233,0 130.08907,33.32328,0 130.08902,33.32326,0 130.08895,33.32322,0 130.08885,33.32319,0 130.08873,33.32317,0 130.08449,33.32298,0 130.08425,33.32295,0 130.08417,33.32293,0 130.08409,33.3229,0 130.08393,33.32281,0 130.08383,33.32273,0 130.08383,33.32272,0 130.08378,33.32267,0 130.0837,33.32257,0 130.08327,33.32193,0 130.08315,33.32178,0 130.08291,33.32154,0 130.08281,33.32147,0 130.08177,33.32064,0 130.08074,33.31963,0 130.08051,33.31945,0 130.08047,33.31943,0 130.08027,33.31929,0 130.07929,33.31874,0 130.07921,33.31868,0 130.0792,33.31868,0 130.07895,33.3185,0 130.07785,33.31762,0 130.07771,33.31755,0 130.07711,33.31735,0 130.07424,33.31651,0 130.07394,33.31639,0 130.07376,33.31629,0 130.07337,33.31602,0 130.07328,33.31594,0 130.07295,33.31557,0 130.07287,33.31543,0 130.07235,33.31316,0 130.07235,33.31315,0 130.07234,33.31314,0 130.07231,33.31307,0 130.07226,33.31301,0 130.07212,33.31287,0 130.07207,33.31284,0 130.07186,33.31276,0 130.07157,33.31269,0 130.07148,33.31266,0 130.07147,33.31266,0 130.07133,33.31261,0 130.07129,33.31259,0 130.07127,33.31257,0 130.07117,33.3125,0 130.07114,33.31246,0 130.07113,33.31246,0 130.07111,33.31242,0 130.07108,33.31239,0 130.07106,33.31235,0 130.07105,33.31231,0 130.07104,33.31223,0 130.07104,33.31213,0 130.07106,33.31203,0 130.07119,33.3117,0 130.07122,33.31157,0 130.07121,33.31155,0 130.07121,33.31151,0 130.0712,33.31147,0 130.07119,33.31146,0 130.07117,33.3114,0 130.07144,33.31136,0 130.07205,33.3113,0 130.07276,33.31127,0 130.07286,33.31129,0 130.07311,33.31128,0 130.0737,33.31122,0 130.07379,33.3112,0 130.07394,33.31118,0 130.07394,33.31117,0 130.07437,33.31107,0 130.07455,33.31101,0 130.07455,33.311,0 130.07472,33.31094,0 130.07495,33.31084,0 130.07522,33.31069,0 130.07545,33.31053,0 130.07571,33.31029,0 130.07574,33.31025,0 130.07578,33.31021,0 130.07579,33.31017,0 130.07587,33.31006,0 130.07589,33.31001,0 130.07593,33.30995,0 130.07597,33.30987,0 130.076,33.30979,0 130.07604,33.30964,0 130.07605,33.30957,0 130.07605,33.30945,0 130.07606,33.30933,0 130.07604,33.30915,0 130.07555,33.30685,0 130.07553,33.30671,0 130.07553,33.30659,0 130.07555,33.30651,0 130.07565,33.3063,0 130.07574,33.30619,0 130.07585,33.30609,0 130.0767,33.30523,0 130.07687,33.30508,0 130.07696,33.30502,0 130.07702,33.30497,0 130.07707,33.30494,0 130.07708,33.30494,0 130.07726,33.30485,0 130.07755,33.30476,0 130.07848,33.30457,0 130.07912,33.3045,0 130.0792,33.30448,0 130.07927,33.30447,0 130.0798,33.30431,0 130.08054,33.30403,0 130.08153,33.30352,0 130.08168,33.30339,0 130.08178,33.30324,0 130.08179,33.30319,0 130.08181,33.30314,0 130.08182,33.3031,0 130.08182,33.30304,0 130.08181,33.30295,0 130.08181,33.3029,0 130.08178,33.30281,0 130.08175,33.30276,0 130.08162,33.30247,0 130.08158,33.30236,0 130.08154,33.30219,0 130.08152,33.30197,0 130.08153,33.30131,0 130.08154,33.30124,0 130.08154,33.30118,0 130.08158,33.30107,0 130.08163,33.30098,0 130.08168,33.30093,0 130.0818,33.30084,0 130.08184,33.30082,0 130.08206,33.30077,0 130.08215,33.30076,0 130.08269,33.30074,0 130.08272,33.30073,0 130.0829,33.3007,0 130.0829,33.30069,0 130.08311,33.30061,0 130.08318,33.30057,0 130.0833,33.30048,0 130.08346,33.30032,0 130.08962,33.2932,0 130.08964,33.29317,0 130.09093,33.29167,0 130.0912531369453,33.29141324261069,0 130.0924082576267,33.29082201504637,0 130.0931756466799,33.29044740252996,0 130.094628633829,33.2897787831364,0 130.0950236854325,33.28965648527046,0 130.0952122042488,33.28961076360563,0 130.0954085495204,33.28957528230277,0 130.0956627072061,33.28954333737676,0 130.0961272034781,33.28950223069504,0 130.0968078085567,33.28945629663135,0 130.1001862986122,33.2895214033536,0 130.0968406811785,33.28941923455008,0 130.095956836613,33.28947745873565,0 130.0954791243578,33.28953081176215,0 130.0948878987668,33.2896598858507,0 130.0944536417206,33.28980811067579,0 130.0944734927662,33.29003265312238,0 130.0945,33.29054,0 130.0946,33.29099,0 130.09476,33.29144,0 130.09486,33.29178,0 130.09488,33.29189,0 130.0949,33.29195,0 130.09492,33.29227,0 130.09484,33.29401,0 130.09483,33.29409,0 130.09484,33.29418,0 130.09488,33.29434,0 130.09492,33.29444,0 130.09561,33.29563,0 130.09563,33.29568,0 130.09566,33.29594,0 130.09563,33.29646,0 130.09564,33.29692,0 130.09574,33.29774,0 130.0958,33.2981,0 130.09587,33.29836,0 130.09589,33.29841,0 130.0959,33.29845,0 130.09603,33.29878,0 130.09613,33.29898,0 130.09642,33.29945,0 130.0966,33.29978,0 130.09682,33.30038,0 130.09699,33.301,0 130.09704,33.30112,0 130.09717,33.30136,0 130.09728,33.30136,0 130.09759,33.30143,0 130.09773,33.30149,0 130.09781,33.30155,0 130.0979,33.30163,0 130.09798,33.30174,0 130.09802,33.30183,0 130.09806,33.30195,0 130.09808,33.30198,0 130.09813,33.30208,0 130.09844,33.30248,0 130.09867,33.30291,0 130.09872,33.30302,0 130.0988,33.30314,0 130.09886,33.30321,0 130.09894,33.30327,0 130.09915,33.30339,0 130.09931,33.30346,0 130.09932,33.30347,0 130.09953,33.30357,0 130.10041,33.30419,0 130.10051,33.30424,0 130.10052,33.30425,0 130.10065,33.30432,0 130.10111,33.30442,0 130.10141,33.30446,0 130.10153,33.30449,0 130.10155,33.30449,0 130.10194,33.30458,0 130.10195,33.30459,0 130.102,33.30459,0 130.10206,33.30457,0 130.10211,33.30451,0 130.10254,33.30468,0 130.10275,33.30475,0 
					</coordinates>
				</LineString>
			</Placemark>
		</Folder>
		<Placemark>
			<name>Liaison5</name>
			<visibility>0</visibility>
			<styleUrl>#line-1267FF-5000-nodesc3</styleUrl>
			<LineString>
				<tessellate>1</tessellate>
				<coordinates>
					130.10261,33.30442,0 130.10257,33.30443,0 130.10253,33.30445,0 130.10243,33.30454,0 130.10238,33.30462,0 130.10211,33.30451,0 130.10209,33.3044,0 130.10207,33.30434,0 130.10208,33.30428,0 130.10212,33.30423,0 130.10227,33.30414,0 130.10287,33.30385,0 130.10297,33.30382,0 130.10315,33.3038,0 130.10325,33.3038,0 130.10327,33.30379,0 130.1033,33.30379,0 130.10336,33.30375,0 130.1034,33.30371,0 130.1034,33.3037,0 130.10342,33.30362,0 130.10347,33.30327,0 130.10353,33.30229,0 130.1035,33.30158,0 130.10335,33.29999,0 130.10295,33.29727,0 130.10277,33.29548,0 130.10269,33.29517,0 130.10263,33.29502,0 130.1025,33.29475,0 130.10226,33.29432,0 130.10214,33.29399,0 130.10213,33.29392,0 130.10212,33.29391,0 130.10207,33.29344,0 130.10207,33.29309,0 130.10208,33.29308,0 130.10209,33.29303,0 130.10211,33.29298,0 130.10216,33.29289,0 130.10224,33.29281,0 130.10232,33.29269,0 130.10236,33.2926,0 130.10237,33.29249,0 130.1023,33.29196,0 130.10229,33.29193,0 130.10212,33.29082,0 130.10208,33.29043,0 130.10199,33.28994,0 130.10189,33.28923,0 130.10694,33.28836,0 130.10699,33.28836,0 130.10705,33.28835,0 130.10726,33.28835,0 130.10756,33.28838,0 130.10785,33.28845,0 130.10825,33.2886,0 130.10947,33.28912,0 130.10961,33.28871,0 130.10982,33.28878,0 130.11017,33.28886,0 130.11022,33.28884,0 130.11041,33.28884,0 130.11018,33.28943,0 130.11095,33.28976,0 130.11158,33.28998,0 130.11161,33.28998,0 130.11172,33.29001,0 130.11174,33.29002,0 130.11384,33.29062,0 130.11386,33.29063,0 130.11397,33.29065,0 130.114,33.29065,0 130.11413,33.29068,0 130.11441,33.29072,0 130.11468,33.29074,0 130.11609,33.29074,0 130.11623,33.29084,0 130.11624,33.29086,0 130.11627,33.29089,0 130.11632,33.29097,0 130.11634,33.29099,0 130.11636,33.291,0 130.1165,33.29117,0 130.11654,33.2912,0 130.1166,33.29126,0 130.11671,33.29134,0 130.11685,33.29142,0 130.11714,33.29156,0 130.11789,33.29184,0 130.11838,33.29208,0 130.11844,33.29212,0 130.11867,33.29221,0 130.11876,33.29222,0 130.11883,33.29222,0 130.1189,33.29223,0 130.11896,33.29222,0 130.11904,33.29222,0 130.1192,33.29218,0 130.11923,33.29216,0 130.11924,33.29216,0 130.11933,33.29212,0 130.11985,33.29178,0 130.11986,33.29177,0 130.12031,33.29157,0 130.12042,33.29154,0 130.12061,33.29152,0 130.12103,33.29139,0 130.12293,33.29098,0 130.12301,33.29092,0 130.12331,33.29086,0 130.12335,33.29086,0 130.12575,33.29039,0 130.12629,33.29025,0 130.13022,33.28944,0 130.13039,33.28939,0 130.1309,33.28929,0 130.13185,33.28899,0 130.13266,33.28865,0 130.13275,33.28864,0 130.13367,33.28822,0 130.13384,33.28816,0 130.13392,33.28812,0 130.13396,33.28811,0 130.134,33.28809,0 130.13402,33.28809,0 130.13406,33.28807,0 130.13411,33.28806,0 130.13416,33.28804,0 130.13452,33.28794,0 130.13483,33.2879,0 130.13489,33.2879,0 130.13506,33.28786,0 130.13527,33.28786,0 130.13741,33.28812,0 130.13847,33.28819,0 130.1392,33.2882,0 130.14069,33.28815,0 130.14165,33.28807,0 130.14167,33.28806,0 130.14189,33.28804,0 130.14192,33.28803,0 130.14342,33.2878,0 130.14356,33.28776,0 130.14478,33.28756,0 130.14481,33.28755,0 130.14499,33.28752,0 130.14503,33.28752,0 130.1451,33.2875,0 130.15096,33.28639,0 130.15182,33.28626,0 130.15288,33.28616,0 130.15438,33.28614,0 130.15503,33.28617,0 130.15577,33.28624,0 130.15583,33.28624,0 130.15726,33.28642,0 130.15762,33.2865,0 130.15763,33.2865,0 130.15783,33.28655,0 130.15784,33.28655,0 130.15921,33.28695,0 130.1605,33.28742,0 130.16099,33.28757,0 130.1615,33.28776,0 130.16154,33.28777,0 130.16189,33.28793,0 130.16201,33.28797,0 130.1621,33.28798,0 130.1622,33.28797,0 130.16234,33.28792,0 130.16243,33.28785,0 130.1625,33.28776,0 130.16258,33.28762,0 130.16275,33.28738,0 130.16281,33.28734,0 130.16289,33.2873,0 130.16336,33.28742,0 130.16402,33.28752,0 130.16429,33.28754,0 130.16507,33.28752,0 130.16528,33.28756,0 130.16547,33.28765,0 130.16603,33.28815,0 130.16609,33.28818,0 130.1661,33.28818,0 130.16613,33.28819,0 130.16629,33.28818,0 130.16632,33.28817,0 130.16641,33.28817,0 130.16671,33.28854,0 130.16678,33.28861,0 130.16687,33.28872,0 130.16697,33.28882,0 130.16727,33.28907,0 130.16757,33.28926,0 130.1676,33.28929,0 130.16764,33.28931,0 130.16771,33.28936,0 130.16773,33.28938,0 130.16776,33.2894,0 130.16788,33.28952,0 130.1679,33.28956,0 130.16798,33.28965,0 130.16799,33.28968,0 130.16807,33.28978,0 130.16807,33.28979,0 130.16811,33.28984,0 130.16814,33.28991,0 130.16815,33.28991,0 130.16818,33.28996,0 130.16826,33.29005,0 130.16831,33.29013,0 130.16837,33.29019,0 130.16839,33.29022,0 130.16849,33.29032,0 130.16859,33.29039,0 130.16863,33.29041,0 130.16867,33.29044,0 130.16876,33.29049,0 130.16888,33.29053,0 130.16892,33.29055,0 130.16909,33.29059,0 130.16913,33.29059,0 130.16927,33.29061,0 130.17092,33.29056,0 130.17117,33.29058,0 130.17126,33.2906,0 130.17132,33.2906,0 130.17137,33.29061,0 130.17152,33.29062,0 130.1737,33.2909,0 130.17375,33.2909,0 130.17768,33.29139,0 130.17777,33.29141,0 130.17875,33.29153,0 130.17878,33.29154,0 130.1775,33.29243,0 130.1772,33.2927,0 130.17718,33.29273,0 130.17709,33.29281,0 130.17706,33.29286,0 130.17696,33.29298,0 130.17695,33.29301,0 130.17651,33.29387,0 130.17645,33.29394,0 130.17644,33.29397,0 130.17635,33.29408,0 130.17606,33.29435,0 130.17599,33.2944,0 130.17594,33.29445,0 130.17589,33.29448,0 130.17576,33.29458,0 130.17549,33.29475,0 130.1753,33.2949,0 130.17527,33.29494,0 130.17518,33.29503,0 130.17509,33.29514,0 130.17498,33.29532,0 130.17489,33.29552,0 130.17486,33.29557,0 130.17486,33.29558,0 130.17476,33.29593,0 130.17473,33.296,0 130.17471,33.29603,0 130.1747,33.29606,0 130.17295,33.29794,0 130.17291,33.298,0 130.17286,33.29812,0 130.17286,33.29813,0 130.17282,33.29821,0 130.17275,33.29844,0 130.17272,33.2986,0 130.17267,33.29901,0 130.17265,33.2991,0 130.17263,33.29915,0 130.17262,33.29916,0 130.17261,33.29918,0 130.17261,33.29919,0 130.17237,33.29948,0 130.17227,33.29963,0 130.17226,33.29968,0 130.17198,33.30036,0 130.17131,33.30158,0 130.1713,33.30158,0 130.17128,33.30162,0 130.17104,33.30196,0 130.17097,33.30204,0 130.17045,33.30275,0 130.16989,33.30358,0 130.16964,33.30389,0 130.16946,33.30408,0 130.16943,33.30412,0 130.16935,33.30418,0 130.16933,33.30419,0 130.16931,33.30421,0 130.16917,33.30426,0 130.16895,33.3043,0 130.16891,33.3043,0 130.16865,33.30436,0 130.16856,33.30441,0 130.16855,33.30442,0 130.16854,33.30442,0 130.16852,33.30444,0 130.16849,33.30446,0 130.16841,33.30455,0 130.16837,33.30462,0 130.16834,33.30471,0 130.16834,33.30474,0 130.16833,33.30479,0 130.16833,33.3049,0 130.16829,33.30525,0 130.16826,33.30533,0 130.16819,33.30544,0 130.16809,33.30554,0 130.16794,33.30565,0 130.16791,33.30566,0 130.1677,33.30581,0 130.16765,33.30586,0 130.16759,33.30596,0 130.16757,33.30604,0 130.16756,33.30606,0 130.16755,33.30633,0 130.16754,33.30638,0 130.16754,33.30641,0 130.16752,33.30646,0 130.16745,33.30657,0 130.16687,33.30726,0 130.16651,33.30763,0 130.16648,33.30765,0 130.16645,33.30768,0 130.16542,33.30841,0 130.16531,33.3085,0 130.16522,33.30859,0 130.1652,33.30858,0 130.16509,33.30858,0 130.16489,33.30862,0 130.16469,33.30862,0 130.16465,33.30861,0 130.16463,33.3086,0 130.16462,33.3086,0 130.16445,33.30853,0 130.16443,33.30853,0 130.16432,33.30848,0 130.16423,33.30846,0 130.16418,33.30846,0 130.16414,33.30845,0 130.16408,33.30845,0 130.16403,33.30846,0 130.16402,33.30847,0 130.16398,33.30847,0 130.16394,33.30848,0 130.16389,33.30851,0 130.16382,33.30854,0 130.16381,33.30855,0 130.16379,33.30856,0 130.16373,33.30862,0 130.1637,33.30864,0 130.16359,33.30882,0 130.16356,33.30885,0 130.16354,33.30889,0 130.16346,33.30898,0 130.16331,33.30908,0 130.16325,33.30911,0 130.16309,33.30916,0 130.16191,33.30944,0 130.1614,33.30954,0 130.16129,33.30954,0 130.16082,33.30947,0 130.16075,33.30947,0 130.16066,33.30946,0 130.16029,33.30946,0 130.16025,33.30947,0 130.1602,33.30947,0 130.16005,33.30954,0 130.15994,33.30956,0 130.15988,33.30963,0 130.15987,33.30967,0 130.15986,33.30969,0 130.15986,33.30972,0 130.15987,33.30977,0 130.15991,33.30985,0 130.15999,33.30991,0 130.16009,33.30995,0 130.1601,33.30995,0 130.16019,33.30998,0 130.16024,33.30999,0 130.16027,33.31001,0 130.16029,33.31003,0 130.16031,33.31004,0 130.16036,33.31009,0 130.1604,33.31018,0 130.16041,33.31028,0 130.1604,33.31039,0 130.16036,33.31054,0 130.16036,33.31055,0 130.16033,33.31062,0 130.16031,33.31065,0 130.16029,33.3107,0 130.16019,33.3108,0 130.16014,33.31082,0 130.16013,33.31083,0 130.15983,33.31093,0 130.15973,33.31095,0 130.15841,33.31132,0 130.15827,33.31138,0 130.15826,33.3114,0 130.15823,33.31143,0 130.15821,33.31148,0 130.15821,33.31152,0 130.15823,33.31159,0 130.15825,33.31163,0 130.15831,33.31171,0 130.15834,33.31174,0 130.15837,33.31178,0 130.1584,33.31181,0 130.15844,33.31184,0 130.15848,33.31186,0 130.15852,33.31189,0 130.1587,33.31199,0 130.15896,33.31216,0 130.15916,33.31231,0 130.1592,33.31233,0 130.15924,33.31234,0 130.15925,33.31234,0 130.15929,33.31236,0 130.15956,33.31242,0 130.15965,33.31245,0 130.15968,33.31248,0 130.15972,33.31251,0 130.15976,33.31259,0 130.15976,33.31263,0 130.15975,33.31268,0 130.15973,33.31272,0 130.1597,33.31276,0 130.15966,33.31279,0 130.15961,33.31281,0 130.15951,33.31283,0 130.15865,33.31274,0 130.15862,33.31273,0 130.15846,33.3127,0 130.15822,33.3126,0 130.15777,33.31225,0 130.15764,33.31212,0 130.15762,33.31212,0 130.1576,33.3121,0 130.15757,33.31209,0 130.1575,33.31209,0 130.15742,33.3121,0 130.1574,33.31211,0 130.15735,33.31215,0 130.15733,33.31218,0 130.15731,33.31223,0 130.15731,33.31227,0 130.15732,33.31232,0 130.1574,33.3124,0 130.15758,33.3125,0 130.15767,33.31258,0 130.15771,33.31267,0 130.15771,33.31274,0 130.1577,33.3128,0 130.15768,33.31284,0 130.15762,33.31291,0 130.15757,33.31294,0 130.15754,33.31297,0 130.15747,33.31301,0 130.15739,33.31303,0 130.15728,33.31303,0 130.15676,33.31297,0 130.15672,33.31296,0 130.15639,33.31293,0 130.15618,33.31296,0 130.15612,33.31298,0 130.15604,33.31302,0 130.156,33.31305,0 130.15596,33.31306,0 130.15594,33.31307,0 130.15592,33.31307,0 130.15589,33.31306,0 130.15568,33.31305,0 130.15562,33.31306,0 130.15553,33.3131,0 130.15549,33.31313,0 130.15535,33.31327,0 130.15532,33.31332,0 130.15532,33.31334,0 130.15531,33.31336,0 130.15533,33.31344,0 130.15537,33.31349,0 130.15544,33.31356,0 130.1557,33.31376,0 130.1558,33.31386,0 130.15585,33.31388,0 130.15589,33.31391,0 130.15601,33.31395,0 130.15613,33.31397,0 130.15616,33.31398,0 130.15619,33.31398,0 130.15629,33.31402,0 130.15632,33.31404,0 130.15636,33.31408,0 130.15638,33.31409,0 130.15644,33.31417,0 130.15645,33.31419,0 130.15645,33.31423,0 130.15642,33.31426,0 130.15638,33.31428,0 130.15629,33.31428,0 130.15616,33.31417,0 130.15612,33.31415,0 130.15606,33.31413,0 130.156,33.31413,0 130.15592,33.31415,0 130.15589,33.31415,0 130.15579,33.31419,0 130.15575,33.31422,0 130.15573,33.31426,0 130.1557,33.3143,0 130.15566,33.31439,0 130.15566,33.3144,0 130.15565,33.31443,0 130.15557,33.31459,0 130.15551,33.31467,0 130.15547,33.3147,0 130.15543,33.31474,0 130.15539,33.31477,0 130.1553,33.31482,0 130.15522,33.31488,0 130.15511,33.31493,0 130.15485,33.31498,0 130.1547,33.31504,0 130.15469,33.31505,0 130.15464,33.31508,0 130.15461,33.31511,0 130.15444,33.31523,0 130.15439,33.31525,0 130.15434,33.31528,0 130.15429,33.3153,0 130.15424,33.31531,0 130.15419,33.31533,0 130.15417,33.31533,0 130.15414,33.31534,0 130.15408,33.31535,0 130.15403,33.31535,0 130.15397,33.31536,0 130.15386,33.31536,0 130.15369,33.31533,0 130.15358,33.31533,0 130.15353,33.31535,0 130.1535,33.31535,0 130.15339,33.31542,0 130.15324,33.31557,0 130.15317,33.31557,0 130.15312,33.31555,0 130.15309,33.31552,0 130.15309,33.31549,0 130.1531,33.31546,0 130.15311,33.31545,0 130.15312,33.31543,0 130.1532,33.31537,0 130.15324,33.31532,0 130.15327,33.3153,0 130.15352,33.31506,0 130.15357,33.31503,0 130.15368,33.31499,0 130.15373,33.31499,0 130.15374,33.31498,0 130.15395,33.31496,0 130.15397,33.31495,0 130.15399,33.31495,0 130.154,33.31494,0 130.15402,33.31493,0 130.15406,33.31489,0 130.15406,33.31484,0 130.15405,33.31483,0 130.15405,33.31481,0 130.15403,33.31479,0 130.15395,33.31475,0 130.15368,33.31477,0 130.15364,33.31478,0 130.15345,33.31479,0 130.15342,33.31478,0 130.1534,33.31478,0 130.15327,33.31473,0 130.15326,33.31472,0 130.15318,33.31468,0 130.15312,33.31466,0 130.15305,33.31466,0 130.15303,33.31467,0 130.15301,33.31467,0 130.15298,33.3147,0 130.15297,33.31472,0 130.15297,33.31474,0 130.15296,33.31476,0 130.15296,33.31491,0 130.15295,33.31494,0 130.15289,33.31504,0 130.15283,33.3151,0 130.15265,33.31519,0 130.15258,33.31524,0 130.15255,33.3153,0 130.15254,33.31535,0 130.15252,33.31539,0 130.15252,33.31541,0 130.1525,33.31545,0 130.15249,33.31549,0 130.15245,33.31553,0 130.15243,33.31554,0 130.15233,33.31554,0 130.15231,33.31552,0 130.1523,33.31552,0 130.1523,33.31551,0 130.15229,33.3155,0 130.15228,33.31547,0 130.15228,33.31543,0 130.15229,33.31543,0 130.1523,33.31538,0 130.15235,33.31526,0 130.15236,33.31521,0 130.1524,33.31512,0 130.15242,33.3151,0 130.15243,33.31508,0 130.15247,33.31505,0 130.15259,33.31498,0 130.15265,33.31492,0 130.15265,33.31491,0 130.15266,33.3149,0 130.15266,33.31483,0 130.15265,33.31482,0 130.15265,33.31481,0 130.15264,33.31479,0 130.15256,33.31473,0 130.15253,33.31473,0 130.1525,33.31472,0 130.15247,33.31472,0 130.15244,33.31473,0 130.15242,33.31473,0 130.15236,33.31475,0 130.15231,33.3148,0 130.1523,33.3148,0 130.15122,33.31571,0 130.15119,33.31575,0 130.15115,33.31583,0 130.15115,33.31592,0 130.15116,33.31594,0 130.15116,33.31595,0 130.15138,33.31628,0 130.15139,33.31632,0 130.15145,33.31647,0 130.15145,33.31649,0 130.15151,33.31662,0 130.15164,33.31676,0 130.15177,33.31683,0 130.15224,33.31701,0 130.15228,33.31702,0 130.15232,33.31704,0 130.15241,33.31712,0 130.15242,33.31714,0 130.15243,33.31715,0 130.15246,33.31722,0 130.15246,33.31724,0 130.15247,33.31727,0 130.15247,33.31732,0 130.15246,33.31737,0 130.15246,33.31744,0 130.15247,33.31745,0 130.15247,33.31746,0 130.15249,33.31753,0 130.15252,33.31758,0 130.15254,33.3176,0 130.15256,33.31763,0 130.15264,33.31769,0 130.15273,33.31774,0 130.15274,33.31774,0 130.15278,33.31776,0 130.15284,33.31778,0 130.1529,33.31779,0 130.15299,33.31784,0 130.15301,33.31787,0 130.15303,33.31788,0 130.15306,33.31792,0 130.15308,33.31796,0 130.15309,33.318,0 130.15309,33.31805,0 130.15308,33.31809,0 130.15304,33.31818,0 130.15301,33.31822,0 130.15298,33.31828,0 130.15295,33.31837,0 130.15295,33.31839,0 130.15294,33.31843,0 130.15294,33.31848,0 130.15296,33.31855,0 130.15299,33.3186,0 130.15301,33.31865,0 130.15307,33.31873,0 130.1531,33.31876,0 130.15313,33.31884,0 130.15313,33.31894,0 130.15311,33.31899,0 130.15309,33.31902,0 130.15303,33.31908,0 130.15296,33.31912,0 130.15195,33.31932,0 130.15185,33.31932,0 130.15179,33.31933,0 130.15159,33.31928,0 130.15136,33.31918,0 130.15135,33.31918,0 130.1513,33.31916,0 130.15127,33.31916,0 130.15125,33.31915,0 130.15122,33.31915,0 130.1512,33.31914,0 130.15112,33.31914,0 130.15104,33.31916,0 130.15097,33.31919,0 130.15099,33.31927,0 130.15099,33.31931,0 130.15098,33.31937,0 130.15098,33.31942,0 130.15094,33.31958,0 130.15089,33.31965,0 130.15084,33.31969,0 130.15069,33.31977,0 130.15041,33.31989,0 130.15035,33.31993,0 130.15033,33.31995,0 130.15033,33.31996,0 130.15032,33.31998,0 130.15032,33.32006,0 130.15034,33.32015,0 130.15036,33.32017,0 130.1506,33.32065,0 130.15066,33.32071,0 130.1507,33.32074,0 130.15092,33.32086,0 130.15096,33.32087,0 130.15111,33.32095,0 130.15114,33.32098,0 130.1512,33.32109,0 130.15123,33.32128,0 130.15129,33.32149,0 130.15131,33.32153,0 130.15132,33.32158,0 130.15132,33.32167,0 130.15123,33.32202,0 130.15117,33.32219,0 130.15113,33.32236,0 130.15113,33.32247,0 130.15115,33.3225,0 130.15145,33.32275,0 130.1515,33.3228,0 130.15153,33.32287,0 130.15167,33.32311,0 130.15183,33.32343,0 130.15184,33.32344,0 130.15186,33.32348,0 130.15188,33.32354,0 130.15188,33.32357,0 130.15187,33.32361,0 130.15187,33.32362,0 130.15184,33.32369,0 130.15181,33.32379,0 130.15169,33.32385,0 130.15168,33.32386,0 130.15166,33.32386,0 130.15164,33.32388,0 130.15159,33.32391,0 130.15154,33.32399,0 130.15154,33.324,0 130.15153,33.32403,0 130.15153,33.32406,0 130.15151,33.32414,0 130.1515,33.32416,0 130.15149,33.32417,0 130.15147,33.32418,0 130.15146,33.32419,0 130.15139,33.32421,0 130.15132,33.32424,0 130.15131,33.32424,0 130.15128,33.32425,0 130.15124,33.32429,0 130.15094,33.32448,0 130.15078,33.32455,0 130.15062,33.3246,0 130.15053,33.3246,0 130.15046,33.32461,0 130.15029,33.32461,0 130.15024,33.32464,0 130.15019,33.32466,0 130.15017,33.32468,0 130.15013,33.32469,0 130.1501,33.32473,0 130.15008,33.32474,0 130.15006,33.32478,0 130.15002,33.32482,0 130.14996,33.32484,0 130.14986,33.32484,0 130.14982,33.32483,0 130.14972,33.32483,0 130.14965,33.32486,0 130.14959,33.3249,0 130.1495,33.32502,0 130.1495,33.32503,0 130.14947,33.3251,0 130.14944,33.32524,0 130.14944,33.32528,0 130.14945,33.32535,0 130.1495,33.32544,0 130.14955,33.32551,0 130.14963,33.32558,0 130.14983,33.32568,0 130.14994,33.3257,0 130.14997,33.3257,0 130.15006,33.32574,0 130.1501,33.32578,0 130.1501,33.3258,0 130.15011,33.32581,0 130.15011,33.32583,0 130.15012,33.32586,0 130.15012,33.32589,0 130.15009,33.32597,0 130.15004,33.32603,0 130.15002,33.32607,0 130.15002,33.32614,0 130.15003,33.32615,0 130.15008,33.32625,0 130.15009,33.32631,0 130.1501,33.32631,0 130.15011,33.32636,0 130.15011,33.32644,0 130.1501,33.32647,0 130.1501,33.32649,0 130.15009,33.3265,0 130.15009,33.32652,0 130.15008,33.32655,0 130.15008,33.32656,0 130.15009,33.32658,0 130.15009,33.32659,0 130.15012,33.32662,0 130.15016,33.32664,0 130.15017,33.32665,0 130.15021,33.32666,0 130.15027,33.32671,0 130.15028,33.32674,0 130.15029,33.32675,0 130.15029,33.32688,0 130.15028,33.32694,0 130.15028,33.32698,0 130.15029,33.327,0 130.15031,33.32702,0 130.1504,33.32707,0 130.15041,33.32708,0 130.15053,33.32716,0 130.15055,33.32718,0 130.15055,33.32719,0 130.15056,33.3272,0 130.15055,33.32735,0 130.1505,33.32756,0 130.15049,33.32757,0 130.15048,33.32762,0 130.15045,33.32767,0 130.15041,33.32772,0 130.15041,33.32773,0 130.15035,33.32781,0 130.15034,33.32783,0 130.15034,33.32788,0 130.15035,33.3279,0 130.15039,33.32794,0 130.15059,33.32804,0 130.1506,33.32806,0 130.15062,33.32808,0 130.15064,33.32812,0 130.15065,33.32839,0 130.15064,33.32841,0 130.15064,33.32843,0 130.15063,33.32848,0 130.15062,33.32848,0 130.15057,33.3286,0 130.15052,33.32869,0 130.1505,33.3287,0 130.15048,33.32872,0 130.15042,33.32876,0 130.1503,33.32881,0 130.15022,33.32888,0 130.15021,33.32888,0 130.15006,33.32909,0 130.15002,33.32919,0 130.15002,33.32922,0 130.15,33.32929,0 130.14998,33.32943,0 130.14993,33.3296,0 130.14987,33.32971,0 130.14987,33.32972,0 130.14983,33.32979,0 130.14972,33.32994,0 130.14967,33.33003,0 130.14964,33.33011,0 130.14962,33.33019,0 130.14961,33.33021,0 130.14959,33.33028,0 130.14955,33.33037,0 130.1495,33.33042,0 130.14938,33.33049,0 130.14936,33.33051,0 130.14933,33.33057,0 130.14933,33.3306,0 130.14934,33.33062,0 130.14934,33.33063,0 130.14938,33.33065,0 130.14944,33.33065,0 130.14948,33.33063,0 130.14954,33.33061,0 130.14964,33.33054,0 130.14967,33.33051,0 130.14979,33.33027,0 130.14982,33.33024,0 130.14987,33.33021,0 130.1499,33.3302,0 130.14992,33.3302,0 130.14997,33.33022,0 130.14999,33.33024,0 130.14999,33.33026,0 130.15,33.33028,0 130.15,33.33032,0 130.14999,33.33035,0 130.14998,33.33035,0 130.14997,33.33037,0 130.14995,33.33039,0 130.14992,33.33041,0 130.1499,33.33044,0 130.14988,33.33046,0 130.14986,33.3305,0 130.14985,33.3305,0 130.14974,33.33068,0 130.14966,33.33088,0 130.14966,33.33094,0 130.14968,33.331,0 130.14969,33.33101,0 130.14975,33.33112,0 130.14976,33.33115,0 130.14976,33.33123,0 130.14974,33.33126,0 130.14972,33.33128,0 130.1497,33.33131,0 130.14968,33.33132,0 130.14968,33.33133,0 130.14966,33.33134,0 130.14965,33.33135,0 130.1496,33.33135,0 130.1494,33.33131,0 130.14934,33.33131,0 130.14914,33.33134,0 130.14905,33.33134,0 130.14902,33.33133,0 130.14894,33.33129,0 130.14886,33.33121,0 130.14879,33.33108,0 130.14879,33.33107,0 130.14868,33.33086,0 130.14861,33.33076,0 130.1486,33.33076,0 130.14858,33.33075,0 130.14857,33.33074,0 130.14852,33.33074,0 130.1485,33.33075,0 130.14849,33.33075,0 130.14848,33.33076,0 130.14847,33.33078,0 130.14844,33.33082,0 130.14843,33.33082,0 130.14831,33.3311,0 130.14824,33.33121,0 130.1482,33.33126,0 130.14784,33.33154,0 130.14778,33.33156,0 130.14769,33.33156,0 130.14758,33.33153,0 130.14749,33.33153,0 130.14742,33.33156,0 130.14739,33.33159,0 130.14738,33.33161,0 130.14738,33.33165,0 130.1474,33.3317,0 130.14743,33.33173,0 130.14745,33.33174,0 130.14746,33.33175,0 130.14747,33.33175,0 130.1478,33.3319,0 130.14786,33.33196,0 130.14786,33.33206,0 130.14785,33.33207,0 130.14783,33.33208,0 130.14782,33.33209,0 130.1478,33.3321,0 130.14762,33.33214,0 130.14758,33.33214,0 130.14753,33.33215,0 130.1474,33.33221,0 130.14735,33.33226,0 130.14727,33.33231,0 130.14711,33.33243,0 130.14709,33.33244,0 130.14708,33.33244,0 130.14705,33.33245,0 130.14697,33.33245,0 130.14691,33.33244,0 130.14688,33.33244,0 130.14686,33.33243,0 130.14652,33.33233,0 130.14645,33.33229,0 130.14642,33.33226,0 130.14639,33.33222,0 130.14638,33.33218,0 130.14637,33.33216,0 130.14637,33.33213,0 130.14632,33.33194,0 130.14623,33.33179,0 130.14617,33.33175,0 130.14608,33.33172,0 130.14595,33.33172,0 130.14589,33.33173,0 130.14583,33.33175,0 130.14576,33.33176,0 130.14568,33.3318,0 130.14567,33.33181,0 130.1455,33.33191,0 130.14549,33.33191,0 130.14531,33.33201,0 130.14518,33.33203,0 130.14513,33.33203,0 130.14502,33.33201,0 130.14501,33.332,0 130.14483,33.33193,0 130.14479,33.33193,0 130.14476,33.33194,0 130.14471,33.33197,0 130.14469,33.33199,0 130.14467,33.33203,0 130.14467,33.33206,0 130.14469,33.3321,0 130.1447,33.33211,0 130.14472,33.33212,0 130.14476,33.33213,0 130.145,33.33216,0 130.14521,33.33221,0 130.14525,33.33221,0 130.14528,33.3322,0 130.14563,33.33216,0 130.14574,33.33216,0 130.14584,33.3322,0 130.14586,33.33222,0 130.14587,33.33224,0 130.14587,33.33225,0 130.14588,33.33226,0 130.14588,33.33232,0 130.14587,33.33234,0 130.14586,33.33235,0 130.14582,33.33237,0 130.1458,33.33237,0 130.14578,33.33238,0 130.14576,33.33238,0 130.14573,33.33237,0 130.14557,33.33234,0 130.14554,33.33234,0 130.14547,33.33236,0 130.14545,33.33236,0 130.14542,33.33239,0 130.14542,33.3324,0 130.14541,33.33243,0 130.14549,33.33244,0 130.14556,33.33246,0 130.1456,33.33249,0 130.14561,33.33249,0 130.14562,33.3325,0 130.14563,33.33252,0 130.14563,33.33259,0 130.1456,33.33264,0 130.14553,33.33267,0 130.14549,33.33267,0 130.14543,33.33268,0 130.14536,33.33267,0 130.14529,33.33267,0 130.14523,33.33265,0 130.14517,33.33264,0 130.1449,33.33256,0 130.14488,33.33256,0 130.14476,33.33254,0 130.14449,33.33254,0 130.14439,33.33252,0 130.14428,33.33251,0 130.14407,33.33246,0 130.1438,33.33237,0 130.14366,33.33235,0 130.14347,33.33235,0 130.14342,33.33233,0 130.14341,33.33233,0 130.1434,33.33232,0 130.14338,33.33231,0 130.14336,33.33229,0 130.14336,33.33228,0 130.14335,33.33226,0 130.14335,33.33222,0 130.14338,33.33217,0 130.14338,33.33216,0 130.14359,33.33198,0 130.14365,33.3319,0 130.14367,33.33167,0 130.14372,33.33158,0 130.1439,33.33138,0 130.14395,33.33128,0 130.14396,33.33124,0 130.14394,33.33112,0 130.1439,33.33104,0 130.14384,33.33088,0 130.14375,33.33077,0 130.14369,33.33072,0 130.14363,33.33069,0 130.14356,33.33067,0 130.14317,33.33062,0 130.14308,33.33058,0 130.14303,33.33051,0 130.14302,33.33047,0 130.143,33.33043,0 130.14296,33.33039,0 130.14293,33.33038,0 130.14281,33.33032,0 130.14263,33.33025,0 130.14252,33.33023,0 130.14247,33.33024,0 130.14244,33.33024,0 130.14233,33.33027,0 130.14211,33.33029,0 130.14206,33.33028,0 130.14202,33.33028,0 130.14192,33.33026,0 130.14188,33.33026,0 130.14186,33.33027,0 130.14183,33.33027,0 130.14181,33.33029,0 130.1418,33.33032,0 130.14179,33.33032,0 130.14179,33.3304,0 130.1418,33.33042,0 130.14183,33.33045,0 130.14187,33.33047,0 130.14188,33.33048,0 130.14191,33.33048,0 130.14196,33.33049,0 130.14205,33.33048,0 130.14207,33.33047,0 130.14219,33.33045,0 130.14228,33.33045,0 130.14241,33.33049,0 130.14245,33.33052,0 130.14247,33.33053,0 130.14255,33.3306,0 130.14261,33.33067,0 130.14273,33.33084,0 130.14283,33.33105,0 130.14289,33.33115,0 130.14291,33.33133,0 130.1429,33.33134,0 130.14287,33.33162,0 130.14283,33.33173,0 130.1428,33.33175,0 130.14279,33.33177,0 130.14277,33.33178,0 130.14274,33.33178,0 130.14273,33.33179,0 130.14272,33.33179,0 130.14268,33.33177,0 130.14265,33.33174,0 130.14262,33.33169,0 130.14261,33.33163,0 130.14261,33.33153,0 130.14262,33.33146,0 130.14262,33.33141,0 130.1426,33.33137,0 130.14249,33.33128,0 130.14242,33.33125,0 130.14238,33.33124,0 130.14227,33.33124,0 130.14224,33.33125,0 130.14219,33.33125,0 130.14166,33.33141,0 130.14156,33.33143,0 130.14136,33.33143,0 130.14116,33.33137,0 130.14107,33.33137,0 130.14103,33.33139,0 130.14099,33.33145,0 130.14099,33.3315,0 130.14101,33.33152,0 130.14103,33.33153,0 130.14112,33.33155,0 130.14116,33.33155,0 130.14144,33.3316,0 130.14164,33.33165,0 130.14172,33.33168,0 130.14176,33.33171,0 130.1418,33.33175,0 130.14182,33.33181,0 130.14182,33.33186,0 130.1418,33.33191,0 130.14169,33.33203,0 130.14167,33.33204,0 130.14165,33.33204,0 130.14162,33.33205,0 130.14158,33.33205,0 130.14154,33.33203,0 130.14152,33.33201,0 130.14149,33.33196,0 130.14149,33.33195,0 130.14146,33.33189,0 130.14141,33.33184,0 130.14138,33.33182,0 130.14127,33.33179,0 130.14107,33.33183,0 130.14098,33.33186,0 130.14097,33.33186,0 130.14089,33.3319,0 130.1408,33.33198,0 130.1408,33.33199,0 130.1407,33.33212,0 130.14065,33.33217,0 130.14061,33.3322,0 130.14052,33.33224,0 130.14045,33.33226,0 130.1399,33.33229,0 130.13988,33.33228,0 130.13985,33.33228,0 130.1398,33.33227,0 130.13972,33.33223,0 130.13964,33.33217,0 130.13958,33.33207,0 130.13954,33.33202,0 130.13947,33.33197,0 130.13936,33.33191,0 130.13925,33.33187,0 130.13922,33.33185,0 130.13921,33.33185,0 130.13916,33.33182,0 130.13906,33.33174,0 130.13904,33.33173,0 130.13874,33.33151,0 130.13873,33.33151,0 130.13864,33.33146,0 130.13854,33.33144,0 130.13853,33.33143,0 130.13842,33.33143,0 130.13833,33.33145,0 130.13816,33.33145,0 130.13803,33.33141,0 130.13796,33.33137,0 130.13783,33.33125,0 130.13765,33.33113,0 130.13736,33.33098,0 130.1373,33.33096,0 130.13724,33.33095,0 130.13722,33.33094,0 130.13709,33.33094,0 130.13699,33.33095,0 130.13682,33.33099,0 130.13675,33.33103,0 130.13669,33.33109,0 130.13668,33.33111,0 130.13666,33.3312,0 130.13666,33.33127,0 130.13667,33.3313,0 130.13667,33.33132,0 130.13669,33.33137,0 130.1367,33.33143,0 130.1367,33.33154,0 130.13668,33.33162,0 130.13666,33.33167,0 130.13659,33.3318,0 130.13657,33.33185,0 130.13655,33.33193,0 130.13651,33.33225,0 130.13651,33.33247,0 130.13648,33.33255,0 130.13639,33.33264,0 130.13624,33.33283,0 130.13624,33.33284,0 130.1362,33.3329,0 130.13617,33.333,0 130.13617,33.33305,0 130.13622,33.33329,0 
				</coordinates>
			</LineString>
		</Placemark>
		<Placemark>
			<name>ALT1</name>
			<visibility>0</visibility>
			<styleUrl>#line-1267FF-5000-nodesc80</styleUrl>
			<LineString>
				<tessellate>1</tessellate>
				<coordinates>
					130.15181,33.32379,0 130.15182,33.32382,0 130.15184,33.32385,0 130.15193,33.32393,0 130.15208,33.32399,0 130.15233,33.324,0 130.15237,33.32401,0 130.15254,33.32409,0 130.15263,33.32416,0 130.15272,33.32428,0 130.15275,33.32439,0 130.15275,33.32443,0 130.15276,33.32447,0 130.15279,33.32452,0 130.15283,33.32455,0 130.15288,33.32457,0 130.15291,33.32459,0 130.15297,33.3246,0 130.15358,33.32462,0 130.1537,33.32466,0 130.15397,33.3248,0 130.15403,33.32481,0 130.15454,33.32474,0 130.15498,33.32475,0 130.15504,33.32476,0 130.15507,33.32475,0 130.15514,33.32475,0 130.15517,33.32474,0 130.1552,33.32472,0 130.15525,33.32467,0 130.15548,33.32434,0 130.1556,33.32421,0 130.15564,33.32418,0 130.15599,33.32401,0 130.156,33.324,0 130.15643,33.32384,0 130.1568,33.32386,0 130.15691,33.32388,0 130.15698,33.32391,0 130.15701,33.32393,0 130.15702,33.32393,0 130.1571,33.324,0 130.15718,33.32412,0 130.15732,33.32439,0 130.15732,33.3244,0 130.15736,33.32444,0 130.15737,33.32446,0 130.15738,33.32446,0 130.15739,33.32447,0 130.15753,33.32447,0 130.1577,33.32443,0 130.15793,33.32435,0 130.15795,33.32432,0 130.15797,33.32431,0 130.158,33.32424,0 130.158,33.32423,0 130.15802,33.32418,0 130.15807,33.32396,0 130.15807,33.32385,0 130.15808,33.32381,0 130.15808,33.32379,0 130.1581,33.32376,0 130.15814,33.32372,0 130.15816,33.32372,0 130.15819,33.32371,0 130.15825,33.32371,0 130.15866,33.32382,0 130.15899,33.32387,0 130.15906,33.32387,0 130.15912,33.32415,0 130.15916,33.32422,0 130.15916,33.32423,0 130.1592,33.32428,0 130.15967,33.32444,0 130.15972,33.32447,0 130.15998,33.32471,0 130.16016,33.32485,0 130.16017,33.32485,0 130.16019,33.32487,0 130.16021,33.32487,0 130.16023,33.32488,0 130.16026,33.32488,0 130.1603,33.32487,0 130.16033,33.32487,0 130.16044,33.32484,0 130.16049,33.3248,0 130.16051,33.32475,0 130.16049,33.32456,0 130.16048,33.32454,0 130.16048,33.32451,0 130.16047,33.32447,0 130.16047,33.32444,0 130.16048,33.3244,0 130.16053,33.32435,0 130.16064,33.3243,0 130.16131,33.32416,0 130.16157,33.32403,0 130.16165,33.32402,0 130.16168,33.32401,0 130.16169,33.32402,0 130.16174,33.32402,0 130.16177,33.32404,0 130.16185,33.32413,0 130.16192,33.32425,0 130.16198,33.32432,0 130.16211,33.32442,0 130.16215,33.32444,0 130.16224,33.32446,0 130.16236,33.32446,0 130.16241,33.32445,0 130.16249,33.3244,0 130.16249,33.32439,0 130.16251,33.32437,0 130.16253,33.32433,0 130.16257,33.32408,0 130.16257,33.32401,0 130.16254,33.3238,0 130.16257,33.32374,0 130.16259,33.32372,0 130.16277,33.32363,0 130.16286,33.32361,0 130.163,33.3236,0 130.16302,33.32361,0 130.16303,33.32361,0 130.16321,33.32368,0 130.16344,33.32374,0 130.1637,33.32374,0 130.16398,33.3237,0 130.16418,33.32369,0 130.16437,33.3237,0 130.16453,33.32373,0 130.16463,33.32379,0 130.16467,33.32383,0 130.1647,33.32385,0 130.16478,33.32388,0 130.16484,33.32388,0 130.16486,33.32387,0 130.16487,33.32387,0 130.16491,33.32385,0 130.16493,33.32383,0 130.16497,33.32375,0 130.16498,33.32374,0 130.16499,33.32372,0 130.16501,33.3237,0 130.16509,33.32367,0 130.16536,33.32365,0 130.16551,33.32359,0 130.16561,33.32351,0 130.16582,33.32341,0 130.16596,33.32338,0 130.16607,33.32338,0 130.16622,33.32333,0 130.16632,33.32326,0 130.16642,33.32316,0 130.16648,33.32312,0 130.16653,33.3231,0 130.16656,33.32308,0 130.16668,33.32307,0 130.16668,33.32306,0 130.16678,33.32306,0 130.16692,33.3231,0 130.16697,33.32313,0 130.16716,33.32334,0 130.16718,33.32338,0 130.16719,33.32342,0 130.16719,33.32348,0 130.16717,33.32353,0 130.16709,33.32362,0 130.16695,33.3237,0 130.16692,33.32371,0 130.1669,33.32373,0 130.16688,33.32377,0 130.16688,33.3238,0 130.1669,33.32387,0 130.16692,33.32391,0 130.16711,33.32408,0 130.16722,33.32416,0 130.16725,33.32419,0 130.16725,33.3242,0 130.16728,33.32423,0 130.16738,33.32439,0 130.16742,33.3245,0 130.16742,33.32453,0 130.16743,33.32454,0 130.16744,33.32483,0 130.1675,33.32504,0 130.1675,33.32511,0 130.16745,33.32518,0 130.16727,33.32536,0 130.16726,33.32538,0 130.16726,33.32547,0 130.16738,33.32569,0 130.16739,33.32572,0 130.16745,33.32578,0 130.16751,33.32582,0 130.16752,33.32582,0 130.16769,33.32588,0 130.16771,33.3259,0 130.16771,33.32591,0 130.16773,33.32593,0 130.16773,33.32594,0 130.16775,33.32598,0 130.16775,33.32603,0 130.16774,33.32605,0 130.16772,33.32607,0 130.16766,33.32611,0 130.16734,33.32623,0 130.16733,33.32623,0 130.16727,33.32629,0 130.16727,33.32634,0 130.16728,33.32639,0 130.16735,33.32654,0 130.16736,33.32655,0 130.16736,33.3266,0 130.16727,33.32685,0 130.1672,33.32692,0 130.16679,33.32704,0 130.16664,33.32715,0 130.16656,33.32729,0 130.16641,33.32763,0 130.16641,33.32764,0 130.1664,33.32766,0 130.1664,33.32778,0 130.16641,33.32781,0 130.16645,33.32785,0 130.16649,33.32787,0 130.16658,33.32789,0 130.16698,33.32781,0 130.16711,33.32781,0 130.16718,33.32782,0 130.16731,33.32786,0 130.16732,33.32788,0 130.16734,33.32789,0 130.16735,33.32792,0 130.16737,33.32795,0 130.16737,33.32835,0 130.16738,33.32839,0 130.16763,33.32876,0 130.16764,33.32879,0 130.16765,33.32879,0 130.16765,33.3288,0 130.16766,33.32882,0 130.16766,33.32885,0 130.16758,33.32912,0 130.16745,33.32938,0 130.16747,33.32954,0 130.16748,33.32955,0 130.16748,33.32956,0 130.16751,33.32959,0 130.16756,33.32961,0 130.16757,33.32962,0 130.16779,33.32962,0 130.16783,33.32963,0 130.16787,33.32965,0 130.16789,33.32969,0 130.1679,33.32973,0 130.1679,33.32977,0 130.16789,33.32979,0 130.16789,33.32981,0 130.16784,33.32992,0 130.16784,33.32997,0 130.16786,33.33002,0 130.16803,33.33025,0 130.16804,33.33028,0 130.16804,33.33031,0 130.16802,33.33036,0 130.16799,33.3304,0 130.16784,33.33055,0 130.16782,33.33058,0 130.1678,33.33059,0 130.16779,33.33062,0 130.16779,33.33066,0 130.1678,33.33069,0 130.1678,33.33071,0 130.16781,33.33073,0 130.16787,33.3308,0 130.16806,33.33088,0 130.16829,33.33091,0 130.16844,33.33089,0 130.16858,33.33083,0 130.16865,33.33077,0 130.16867,33.33076,0 130.16881,33.33065,0 130.16897,33.33059,0 130.16902,33.33059,0 130.16932,33.33054,0 130.16946,33.33054,0 130.1696,33.33058,0 130.16984,33.33073,0 130.16997,33.33074,0 130.17013,33.33068,0 130.17019,33.33061,0 130.17026,33.33046,0 130.17027,33.33045,0 130.17028,33.33043,0 130.17056,33.33017,0 130.17075,33.33006,0 130.17081,33.33004,0 130.17093,33.33004,0 130.17109,33.33009,0 130.17148,33.3303,0 130.17149,33.3303,0 130.17157,33.33034,0 130.17168,33.33037,0 130.17234,33.33034,0 130.17248,33.33036,0 130.17274,33.33044,0 130.17281,33.33044,0 130.17288,33.33042,0 130.17337,33.33044,0 130.17338,33.33043,0 130.17344,33.33043,0 130.17349,33.33041,0 130.17352,33.33039,0 130.17356,33.33035,0 130.17357,33.33033,0 130.17357,33.33029,0 130.17354,33.3302,0 130.17342,33.33007,0 130.17336,33.32998,0 130.17333,33.32991,0 130.17332,33.32985,0 130.17334,33.32977,0 130.17337,33.32975,0 130.17352,33.3297,0 130.1737,33.3296,0 130.17392,33.32939,0 130.17409,33.32917,0 130.17416,33.32912,0 130.1742,33.32912,0 130.17425,33.32911,0 130.17435,33.32913,0 130.17445,33.32917,0 130.17454,33.32925,0 130.17455,33.32927,0 130.17467,33.32942,0 130.17471,33.32945,0 130.17484,33.32948,0 130.17498,33.32948,0 130.17504,33.32945,0 130.17506,33.32943,0 130.17541,33.32922,0 130.17542,33.32922,0 130.17555,33.32917,0 130.17559,33.32918,0 130.17561,33.32918,0 130.17564,33.32919,0 130.17578,33.32929,0 130.17583,33.32934,0 130.17586,33.32936,0 130.17595,33.32939,0 130.17607,33.32941,0 130.17619,33.32945,0 130.17625,33.32948,0 130.17629,33.32951,0 130.17641,33.32968,0 130.17651,33.32972,0 130.17681,33.32976,0 130.17687,33.32976,0 130.17706,33.32979,0 130.17708,33.32978,0 130.17716,33.32978,0 130.17731,33.32972,0 130.17745,33.32957,0 130.1775,33.32948,0 130.17754,33.32935,0 130.17756,33.32914,0 130.17759,33.32908,0 130.17763,33.32903,0 130.17773,33.32896,0 130.17774,33.32896,0 130.17779,33.32894,0 130.17788,33.32892,0 130.17789,33.32898,0 130.17795,33.32907,0 130.17803,33.32912,0 130.17806,33.32913,0 130.1782,33.32913,0 130.17827,33.32911,0 130.17847,33.32909,0 130.17868,33.32912,0 130.1787,33.32913,0 130.17889,33.32917,0 130.17905,33.32925,0 130.17912,33.32931,0 130.17918,33.32942,0 130.1792,33.3295,0 130.17919,33.3296,0 130.17915,33.32969,0 130.17909,33.32977,0 130.1787,33.33018,0 130.17864,33.33026,0 130.17858,33.3304,0 130.17858,33.33051,0 130.17865,33.33064,0 130.17871,33.33069,0 130.17883,33.33075,0 130.17965,33.33084,0 130.17976,33.33086,0 130.17984,33.33088,0 130.17984,33.33089,0 130.17992,33.33093,0 130.17999,33.331,0 130.18001,33.33104,0 130.18005,33.33117,0 130.18011,33.33151,0 130.18017,33.33166,0 130.18022,33.33171,0 130.18025,33.33173,0 130.18029,33.33174,0 130.18032,33.33174,0 130.18036,33.33173,0 130.1804,33.33171,0 130.18053,33.33156,0 130.18055,33.33155,0 130.18056,33.33154,0 130.18063,33.33154,0 130.18065,33.33155,0 130.1807,33.3316,0 130.18093,33.33196,0 130.18096,33.33209,0 130.18096,33.3322,0 130.18093,33.33239,0 130.18092,33.33258,0 130.18096,33.33273,0 130.1811,33.33307,0 130.18114,33.33313,0 130.18116,33.33318,0 130.18124,33.33327,0 130.1813,33.33331,0 130.18145,33.33334,0 130.18153,33.33333,0 130.18167,33.33325,0 130.18168,33.33323,0 130.1817,33.33321,0 130.18171,33.33317,0 130.18175,33.33312,0 130.18182,33.33306,0 130.18203,33.33297,0 130.18217,33.33296,0 130.18228,33.33298,0 130.18236,33.33296,0 130.18239,33.33294,0 130.18239,33.33293,0 130.18249,33.33281,0 130.18258,33.33279,0 130.18275,33.33279,0 130.18278,33.33278,0 130.18281,33.33276,0 130.18286,33.33271,0 130.18288,33.33266,0 130.18294,33.33257,0 130.18303,33.33254,0 130.18323,33.33251,0 130.18339,33.33247,0 130.18378,33.33229,0 130.18388,33.33227,0 130.18424,33.33233,0 130.18443,33.3324,0 130.18458,33.33253,0 130.18459,33.33253,0 130.1847,33.33262,0 130.18486,33.33272,0 130.18489,33.33275,0 130.18491,33.33279,0 130.18491,33.33284,0 130.1849,33.33285,0 130.18488,33.33289,0 130.18487,33.3329,0 130.18485,33.3329,0 130.18482,33.33291,0 130.18478,33.33291,0 130.18474,33.3329,0 130.18473,33.33289,0 130.18461,33.33282,0 130.18445,33.33276,0 130.18433,33.33273,0 130.18415,33.33272,0 130.18399,33.33269,0 130.1839,33.33269,0 130.18384,33.3327,0 130.18373,33.33276,0 130.18359,33.33286,0 130.18358,33.33288,0 130.18355,33.3329,0 130.18348,33.333,0 130.18345,33.33314,0 130.18341,33.33319,0 130.18336,33.33322,0 130.1833,33.33324,0 130.18319,33.33326,0 130.18309,33.33333,0 130.18304,33.33339,0 130.18296,33.33352,0 130.18284,33.33378,0 130.18275,33.33385,0 130.18267,33.33388,0 130.18262,33.33392,0 130.1826,33.33397,0 130.1826,33.33401,0 130.18261,33.33406,0 130.18264,33.33411,0 130.18269,33.33415,0 130.18285,33.33423,0 130.18288,33.33426,0 130.18294,33.33436,0 130.18298,33.33448,0 130.18299,33.33454,0 130.18305,33.33462,0 130.18315,33.33471,0 130.18318,33.33475,0 130.18323,33.33488,0 130.18324,33.335,0 130.18322,33.33506,0 130.18318,33.33512,0 130.18312,33.33518,0 130.18309,33.33519,0 130.18302,33.33525,0 130.18298,33.33527,0 130.18293,33.33533,0 130.18291,33.33538,0 130.18287,33.33542,0 130.18282,33.33545,0 130.18271,33.33548,0 130.18265,33.33548,0 130.18234,33.3354,0 130.18229,33.33541,0 130.18227,33.33542,0 130.18223,33.33547,0 130.18221,33.33555,0 130.18213,33.33575,0 130.182,33.33589,0 130.18193,33.33601,0 130.18193,33.33605,0 130.18192,33.3361,0 130.18191,33.33612,0 130.18189,33.33614,0 130.18181,33.33617,0 130.18174,33.33617,0 130.1817,33.33614,0 130.18169,33.33614,0 130.18167,33.33612,0 130.18165,33.33608,0 130.18163,33.33606,0 130.18161,33.33598,0 130.1816,33.33596,0 130.18154,33.33574,0 130.18152,33.3357,0 130.18147,33.33565,0 130.18132,33.33557,0 130.18106,33.33546,0 130.18082,33.33531,0 130.18077,33.3353,0 130.18072,33.33528,0 130.18043,33.33521,0 130.1804,33.33521,0 130.18039,33.33522,0 130.18038,33.33522,0 130.18036,33.33523,0 130.18017,33.33539,0 130.17993,33.33572,0 130.1799,33.33575,0 130.17988,33.33576,0 130.17985,33.33576,0 130.17983,33.33577,0 130.17973,33.33577,0 130.17967,33.33574,0 130.17955,33.3356,0 130.17939,33.33533,0 130.17933,33.33529,0 130.17925,33.33527,0 130.17885,33.33531,0 130.1784,33.33543,0 130.17839,33.33544,0 130.17826,33.33548,0 130.1782,33.33554,0 130.17818,33.33557,0 130.17775,33.33654,0 130.17766,33.3367,0 130.17762,33.33674,0 130.17756,33.33678,0 130.17749,33.3368,0 130.17738,33.3368,0 130.17727,33.33674,0 130.17721,33.33665,0 130.1772,33.33661,0 130.1772,33.33654,0 130.17716,33.33635,0 130.17714,33.3363,0 130.17711,33.33626,0 130.17707,33.33623,0 130.17704,33.33622,0 130.17701,33.3362,0 130.17695,33.33619,0 130.17684,33.33621,0 130.17672,33.33632,0 130.17632,33.33685,0 130.17626,33.3369,0 130.17621,33.33692,0 130.17615,33.33692,0 130.17602,33.33688,0 130.17598,33.33682,0 130.17595,33.33674,0 130.1759,33.33651,0 130.17583,33.33646,0 130.17578,33.33644,0 130.17556,33.33642,0 130.17544,33.33638,0 130.17539,33.33634,0 130.17536,33.3363,0 130.17535,33.33625,0 130.17537,33.33602,0 130.17535,33.33597,0 130.17529,33.3359,0 130.17521,33.33583,0 130.17515,33.3358,0 130.17513,33.3358,0 130.17492,33.33575,0 130.17481,33.33571,0 130.17473,33.33565,0 130.17468,33.33559,0 130.17463,33.33551,0 130.17458,33.33527,0 130.17452,33.33516,0 130.17444,33.3351,0 130.17429,33.33505,0 130.1741,33.33509,0 130.17404,33.33512,0 130.17397,33.3352,0 130.17395,33.33526,0 130.17395,33.33534,0 130.17397,33.3354,0 130.174,33.33545,0 130.17464,33.33594,0 130.17477,33.33607,0 130.17482,33.33621,0 130.17482,33.33632,0 130.17481,33.33638,0 130.17476,33.33652,0 130.17476,33.33659,0 130.17478,33.33667,0 130.17485,33.33677,0 130.17488,33.3368,0 130.17503,33.33691,0 130.17511,33.337,0 130.17513,33.33711,0 130.17512,33.33716,0 130.1751,33.33721,0 130.17482,33.3376,0 130.17481,33.33767,0 130.17482,33.33773,0 130.17486,33.33782,0 130.17495,33.3379,0 130.17499,33.33791,0 130.17499,33.33792,0 130.17507,33.33794,0 130.1752,33.33794,0 130.17541,33.33791,0 130.17562,33.33792,0 130.17582,33.33796,0 130.17593,33.33801,0 130.17601,33.33806,0 130.17618,33.3382,0 130.17629,33.33835,0 130.17646,33.3385,0 130.17671,33.33867,0 130.17675,33.33871,0 130.17677,33.33872,0 130.17689,33.33885,0 130.17709,33.33913,0 130.17722,33.33928,0 130.17751,33.33953,0 130.17753,33.33957,0 130.17768,33.33959,0 
				</coordinates>
			</LineString>
		</Placemark>
		<Placemark>
			<name>ALT2</name>
			<visibility>0</visibility>
			<styleUrl>#line-1267FF-5000-nodesc9</styleUrl>
			<LineString>
				<tessellate>1</tessellate>
				<coordinates>
					130.16582,33.35558,0 130.16572,33.3556,0 130.16563,33.35561,0 130.1656,33.35562,0 130.16551,33.35562,0 130.16543,33.35561,0 130.16536,33.35558,0 130.16529,33.35554,0 130.16519,33.35547,0 130.16521,33.35539,0 130.16523,33.35528,0 130.16526,33.35517,0 130.16526,33.35516,0 130.16528,33.35513,0 130.16529,33.35509,0 130.16531,33.35506,0 130.16533,33.35503,0 130.16538,33.355,0 130.16544,33.35495,0 130.16548,33.35491,0 130.16557,33.35482,0 130.16562,33.35478,0 130.16572,33.35468,0 130.16577,33.35462,0 130.16581,33.35456,0 130.16587,33.35447,0 130.16592,33.35437,0 130.16593,33.35431,0 130.16596,33.35419,0 130.16599,33.35387,0 130.16599,33.35376,0 130.16598,33.35363,0 130.16595,33.35346,0 130.16592,33.35327,0 130.1659,33.35309,0 130.1659,33.353,0 130.16591,33.35289,0 130.16592,33.35284,0 130.16592,33.35283,0 130.16594,33.35279,0 130.16598,33.35273,0 130.16603,33.35268,0 130.16616,33.35259,0 130.16638,33.35246,0 130.16641,33.35244,0 130.16644,33.35242,0 130.16648,33.35235,0 130.16659,33.35216,0 130.1666,33.35214,0 130.1667,33.352,0 130.1667,33.35199,0 130.16675,33.35191,0 130.16678,33.35183,0 130.16684,33.35171,0 130.16687,33.35167,0 130.16698,33.3515,0 130.16705,33.35139,0 130.16708,33.35136,0 130.16712,33.35132,0 130.16719,33.35127,0 130.16725,33.35124,0 130.16732,33.35121,0 130.16765,33.35112,0 130.16775,33.35109,0 130.16784,33.3511,0 130.16792,33.35112,0 130.16797,33.35115,0 130.16805,33.35122,0 130.16811,33.3513,0 130.16814,33.35136,0 130.1682,33.35144,0 130.16824,33.35152,0 130.16826,33.35155,0 130.16832,33.3516,0 130.16839,33.35164,0 130.1685,33.35169,0 130.16859,33.3517,0 130.16865,33.35171,0 130.1688,33.35174,0 130.16884,33.35175,0 130.16896,33.35178,0 130.16903,33.35179,0 130.1691,33.3518,0 130.16914,33.35179,0 130.16918,33.35178,0 130.16921,33.35176,0 130.16925,33.35173,0 130.16929,33.35167,0 130.1693,33.35161,0 130.1693,33.3516,0 130.16933,33.35153,0 130.16937,33.35144,0 130.16937,33.35143,0 130.16941,33.35139,0 130.16949,33.35134,0 130.16955,33.35132,0 130.16962,33.35131,0 130.16974,33.35129,0 130.16982,33.35128,0 130.16991,33.35128,0 130.16995,33.35129,0 130.16996,33.3513,0 130.16999,33.35131,0 130.17004,33.35132,0 130.17008,33.35133,0 130.17012,33.35133,0 130.17015,33.35132,0 130.17017,33.35131,0 130.17019,33.35129,0 130.17025,33.35124,0 130.17031,33.35117,0 130.17032,33.35116,0 130.17043,33.35101,0 130.17048,33.35094,0 130.17051,33.35087,0 130.17051,33.35086,0 130.17054,33.3508,0 130.17056,33.35072,0 130.17056,33.35068,0 130.17053,33.35063,0 130.17051,33.35058,0 130.17047,33.35054,0 130.17042,33.35051,0 130.17038,33.35048,0 130.17033,33.35048,0 130.1703,33.35047,0 130.17017,33.35045,0 130.17012,33.35045,0 130.17008,33.35044,0 130.17,33.35041,0 130.16993,33.35038,0 130.16993,33.35037,0 130.16988,33.35034,0 130.16986,33.35031,0 130.16984,33.35028,0 130.16979,33.35015,0 130.16976,33.35005,0 130.16976,33.35004,0 130.16971,33.34999,0 130.16963,33.34993,0 130.16962,33.34992,0 130.16954,33.34987,0 130.16944,33.34981,0 130.16939,33.34978,0 130.16927,33.3497,0 130.16923,33.34967,0 130.16911,33.34958,0 130.1691,33.34957,0 130.16896,33.34945,0 130.16887,33.34939,0 130.1688,33.34933,0 130.16876,33.34929,0 130.16867,33.3492,0 130.16864,33.34912,0 130.16863,33.34903,0 130.16864,33.34902,0 130.16865,33.34896,0 130.16872,33.34887,0 130.16873,33.34886,0 130.16882,33.34877,0 130.16887,33.34872,0 130.16888,33.34871,0 130.16893,33.34869,0 130.16899,33.34866,0 130.16906,33.34864,0 130.16915,33.34862,0 130.16921,33.3486,0 130.16923,33.34858,0 130.16925,33.34856,0 130.16926,33.34853,0 130.16927,33.34849,0 130.16927,33.34846,0 130.16926,33.34838,0 130.16925,33.34829,0 130.16924,33.34821,0 130.16924,33.34816,0 130.16923,33.34811,0 130.1692,33.34807,0 130.16917,33.34804,0 130.16916,33.34803,0 130.16907,33.34796,0 130.16901,33.34792,0 130.16895,33.34788,0 130.16883,33.34782,0 130.16874,33.34777,0 130.16862,33.34771,0 130.16856,33.34767,0 130.16848,33.34763,0 130.16847,33.34763,0 130.16836,33.34759,0 130.16826,33.34758,0 130.16823,33.34757,0 130.16814,33.34757,0 130.16805,33.34755,0 130.16804,33.34755,0 130.168,33.34753,0 130.16796,33.3475,0 130.16794,33.34746,0 130.16793,33.34742,0 130.16793,33.34738,0 130.1679,33.34714,0 130.16788,33.34694,0 130.16787,33.34688,0 130.16787,33.34685,0 130.16785,33.34681,0 130.16782,33.34677,0 130.16778,33.34674,0 130.16772,33.34672,0 130.16757,33.34665,0 130.16755,33.34664,0 130.16739,33.34656,0 130.16736,33.34654,0 130.16723,33.34644,0 130.1672,33.34641,0 130.16712,33.34634,0 130.16709,33.34626,0 130.16707,33.3462,0 130.16708,33.34612,0 130.16711,33.34605,0 130.16728,33.34585,0 130.16739,33.34571,0 130.16741,33.34567,0 130.16751,33.34556,0 130.16756,33.34551,0 130.16765,33.34542,0 130.16793,33.34514,0 130.16804,33.34506,0 130.1681,33.34502,0 130.16815,33.345,0 130.16825,33.34497,0 130.16829,33.34496,0 130.16833,33.34496,0 130.16846,33.34497,0 130.1685,33.34498,0 130.16863,33.34502,0 130.16871,33.34504,0 130.16879,33.34506,0 130.16892,33.34507,0 130.16897,33.34508,0 130.16924,33.34509,0 130.16942,33.34509,0 130.16956,33.34508,0 130.16958,33.34508,0 130.16963,33.34506,0 130.16966,33.34504,0 130.16972,33.34498,0 130.16973,33.34498,0 130.16981,33.34481,0 130.16985,33.34475,0 130.1699,33.34465,0 130.17001,33.34444,0 130.17006,33.34436,0 130.17009,33.34433,0 130.17011,33.34431,0 130.17017,33.34428,0 130.17022,33.34426,0 130.17028,33.34424,0 130.17031,33.34424,0 130.1704,33.34423,0 130.17049,33.34423,0 130.17053,33.34424,0 130.1707,33.34426,0 130.17073,33.34426,0 130.17089,33.34431,0 130.17096,33.34433,0 130.17099,33.34436,0 130.17102,33.34439,0 130.17105,33.34444,0 130.17108,33.3445,0 130.17113,33.34458,0 130.17115,33.3446,0 130.17118,33.34464,0 130.17121,33.34466,0 130.17125,33.34468,0 130.17132,33.34469,0 130.17136,33.3447,0 130.17142,33.34469,0 130.17147,33.34468,0 130.1715,33.34465,0 130.17153,33.34461,0 130.17155,33.34456,0 130.17157,33.34449,0 130.17157,33.34447,0 130.17159,33.34429,0 130.1716,33.34421,0 130.1716,33.34416,0 130.17162,33.34412,0 130.17165,33.34407,0 130.17168,33.34405,0 130.17171,33.34402,0 130.17175,33.34401,0 130.17178,33.344,0 130.1718,33.344,0 130.17185,33.344,0 130.17191,33.344,0 130.17198,33.34399,0 130.17205,33.34397,0 130.17213,33.34393,0 130.17219,33.3439,0 130.17246,33.34376,0 130.17253,33.34371,0 130.17254,33.3437,0 130.17258,33.34368,0 130.17263,33.34366,0 130.17268,33.34365,0 130.17275,33.34365,0 130.1729,33.34374,0 130.17299,33.34379,0 130.17308,33.34384,0 130.17316,33.34389,0 130.17321,33.34393,0 130.17325,33.34395,0 130.17331,33.34396,0 130.17339,33.34396,0 130.17344,33.34395,0 130.17346,33.34394,0 130.17349,33.34393,0 130.1736,33.34386,0 130.17363,33.34383,0 130.17376,33.34371,0 130.17378,33.3437,0 130.174,33.34351,0 130.17405,33.34348,0 130.1741,33.34347,0 130.17413,33.34347,0 130.17418,33.34347,0 130.17421,33.34348,0 130.17423,33.34349,0 130.17425,33.3435,0 130.17428,33.34354,0 130.17435,33.3436,0 130.17442,33.34368,0 130.17443,33.34369,0 130.17448,33.34373,0 130.17452,33.34375,0 130.17454,33.34376,0 130.17456,33.34376,0 130.17457,33.34376,0 130.1746,33.34376,0 130.17462,33.34375,0 130.17468,33.34372,0 130.17478,33.34367,0 130.1749,33.3436,0 130.17496,33.34357,0 130.17505,33.34353,0 130.1752,33.34349,0 130.17543,33.34344,0 130.17563,33.34341,0 130.17586,33.34337,0 130.17599,33.34333,0 130.17602,33.34332,0 130.17609,33.34328,0 130.17615,33.34323,0 130.17616,33.34323,0 130.17628,33.34308,0 130.17636,33.34298,0 130.17654,33.34272,0 130.17673,33.3425,0 130.17675,33.34248,0 130.17679,33.34247,0 130.17682,33.34246,0 130.17685,33.34247,0 130.17692,33.34249,0 130.17696,33.3425,0 130.17699,33.34253,0 130.17707,33.34265,0 130.17713,33.34275,0 130.17716,33.34281,0 130.17717,33.34282,0 130.17721,33.34286,0 130.17727,33.3429,0 130.17732,33.34293,0 130.17739,33.34295,0 130.17763,33.34301,0 130.17772,33.34303,0 130.17774,33.34304,0 130.17783,33.34306,0 130.17793,33.34311,0 130.17793,33.34312,0 130.17798,33.34316,0 130.17802,33.34325,0 130.17803,33.34327,0 130.17806,33.34333,0 130.17812,33.34339,0 130.17814,33.34341,0 130.17815,33.34341,0 130.17821,33.34342,0 130.17832,33.34342,0 130.17837,33.34341,0 130.17842,33.3434,0 130.17854,33.34334,0 130.17862,33.34327,0 130.17866,33.34322,0 130.17867,33.34318,0 130.17868,33.3431,0 130.17868,33.34304,0 130.17867,33.34301,0 130.17866,33.34299,0 130.17858,33.34293,0 130.17852,33.34291,0 130.17849,33.3429,0 130.17844,33.34289,0 130.17832,33.34288,0 130.17823,33.34287,0 130.17815,33.34285,0 130.17808,33.34281,0 130.17804,33.34278,0 130.178,33.34273,0 130.17798,33.34268,0 130.17797,33.34266,0 130.17796,33.34262,0 130.17794,33.34251,0 130.17792,33.34235,0 130.17793,33.34231,0 130.17793,33.34229,0 130.17797,33.34224,0 130.178,33.3422,0 130.17804,33.34216,0 130.17867,33.3418,0 130.17873,33.34174,0 130.17874,33.34174,0 130.17877,33.34168,0 130.17878,33.34166,0 130.17878,33.34161,0 130.17877,33.34156,0 130.17877,33.34155,0 130.17874,33.3415,0 130.1787,33.34146,0 130.17867,33.34143,0 130.17865,33.34142,0 130.17855,33.34134,0 130.17849,33.3413,0 130.17844,33.34126,0 130.1783,33.34117,0 130.17821,33.34113,0 130.17812,33.3411,0 130.17806,33.34108,0 130.17799,33.34108,0 130.17793,33.34108,0 130.17788,33.34109,0 130.17771,33.34111,0 130.17763,33.34112,0 130.17758,33.34111,0 130.17753,33.34109,0 130.17749,33.34106,0 130.17747,33.34103,0 130.17746,33.341,0 130.17746,33.34094,0 130.17746,33.34091,0 130.17747,33.34088,0 130.17749,33.34085,0 130.1775,33.34083,0 130.17754,33.34081,0 130.1776,33.34079,0 130.17768,33.34078,0 130.17775,33.34079,0 130.17784,33.3408,0 130.17795,33.3408,0 130.17803,33.34079,0 130.1781,33.34078,0 130.17819,33.34075,0 130.17823,33.34073,0 130.17829,33.34069,0 130.17837,33.34062,0 130.17838,33.3406,0 130.17844,33.34053,0 130.17849,33.34045,0 130.1785,33.3404,0 130.1785,33.34032,0 130.17848,33.34026,0 130.17844,33.34022,0 130.1784,33.34018,0 130.17834,33.34016,0 130.17833,33.34016,0 130.17828,33.34014,0 130.17821,33.34015,0 130.17814,33.34016,0 130.17812,33.34016,0 130.17803,33.34018,0 130.17794,33.34018,0 130.1779,33.34018,0 130.17786,33.34017,0 130.17779,33.34014,0 130.17775,33.3401,0 130.17774,33.34008,0 130.17772,33.34005,0 130.17771,33.34,0 130.1777,33.3399,0 130.17768,33.33981,0 130.17764,33.33973,0 130.17763,33.33971,0 130.17753,33.33957,0 130.17768,33.33959,0 
				</coordinates>
			</LineString>
		</Placemark>
		<Placemark>
			<name>ALT3</name>
			<visibility>0</visibility>
			<styleUrl>#line-1267FF-5000-nodesc8</styleUrl>
			<LineString>
				<tessellate>1</tessellate>
				<coordinates>
					130.1483059648833,33.36761011056409,0 130.1482017648199,33.36773710911012,0 130.148134092122,33.36786062516097,0 130.1480636818834,33.36797408779031,0 130.1479935014886,33.36805006880881,0 130.1478789099931,33.36809381017684,0 130.1477622922933,33.36811648779735,0 130.1476680648123,33.36810468255975,0 130.1475845844606,33.36805294548071,0 130.1475046860756,33.36797651458813,0 130.1474477581963,33.36787190554661,0 130.1473841406867,33.36778326711166,0 130.1473123299678,33.36769225274296,0 130.147211605688,33.36758130716893,0 130.1471219432611,33.36749070549005,0 130.1470249292009,33.36740022778813,0 130.1469319085747,33.36732783697437,0 130.1468422183782,33.36727013448902,0 130.146741304097,33.36721039381004,0 130.1466076918379,33.36714414203945,0 130.1464467482414,33.36705188023717,0 130.1463050949026,33.36698293303986,0 130.1461660507898,33.36691310705923,0 130.1460211970175,33.36684318912656,0 130.1458126158986,33.36675628247888,0 130.1456680953148,33.36671344395549,0 130.1454781622047,33.3666658953694,0 130.1452311744132,33.36661552326459,0 130.1449224151665,33.36656195626993,0 130.1447035634541,33.36652870425772,0 130.1445208134881,33.36647555575331,0 130.1442791329063,33.36634485760815,0 130.1440635566098,33.36622174980797,0 130.1438758981017,33.36608949959605,0 130.1435358439479,33.3659345002385,0 130.1432522305974,33.3657556385509,0 130.1429977749822,33.36561833856603,0 130.1427845963275,33.36547290451333,0 130.1425896382357,33.36534571436474,0 130.1424171623557,33.36525958485741,0 130.1421924593677,33.36515826288247,0 130.1419987303578,33.3650817727289,0 130.1418291248908,33.36502539401015,0 130.1416308233734,33.36497782432804,0 130.1414513780392,33.36494692496335,0 130.1411267660466,33.36492026395799,0 130.1408967060507,33.36490941250799,0 130.1406967035086,33.36488347773038,0 130.1404953687623,33.36483364142662,0 130.1403564721296,33.36474552613103,0 130.1402552912998,33.36463292133979,0 130.1401911040441,33.36451543862613,0 130.1401478992694,33.36438158448098,0 130.1401121551278,33.36425161645464,0 130.140074165807,33.36403654394557,0 
				</coordinates>
			</LineString>
		</Placemark>
		<atom:link rel="app" href="https://www.google.com/earth/about/versions/#earth-pro" title="Google Earth Pro 7.3.6.10441"></atom:link>
	</Folder>
</Document>
</kml>
